"planet_1,planet_2,aspect_type,role,summary,detailed_description,typical_patterns,shadow_scenarios,created_at"
"Sun,Moon,conjunction,amplification,""Strong fusion of will and feelings"",""The conscious will (Sun) and emotional needs (Moon) operate as one system. The person acts from the heart and lives in relative inner agreement: what I want and what I feel tend to coincide. This gives integrity and strong self-identification with family patterns or early emotional imprinting."",""Highly personal involvement in everything; difficulty separating mood from decisions; strong attachment to family or partner; visible emotionality; tendency to take everything personally."",""Over-identification with emotions; difficulty seeing others as separate; emotional infantilism; dramatization of subjective states; trouble tolerating difference between one’s will and the needs of close people."","""""
"Sun,Moon,square,conflict,""Inner battle between will and emotional needs"",""Conscious aims and habitual reactions pull in different directions. The person can feel torn between what they believe they should do and what they actually feel. Choices often trigger guilt or emotional turmoil."",""Oscillation between following duty and following mood; frequent changes of decision; intense emotional reactions when facing responsibility; strong dependence on approval of important others."",""Self-sabotage through mood swings; psychosomatic tension; playing out the conflict via partner or children; chronic dissatisfaction because no choice feels completely right."","""""
"Sun,Moon,trine,harmonization,""Natural flow between identity and emotions"",""There is spontaneous harmony between ego expression and emotional needs. The person usually feels internally congruent and transmits warmth and acceptance. It is easy to find a lifestyle that suits both outer goals and inner comfort."",""Stable emotional background; easy attachment to family and loved ones; ability to comfort and support others; natural charisma based on authenticity and warmth."",""Tendency to stay in comfort zone; reluctance to question family patterns; laziness in emotional work because everything “more or less works” even when growth is needed."","""""
"Sun,Moon,opposition,splitting,""Polarization between conscious will and inner child"",""The person experiences themselves as standing between two inner poles: rational identity vs. emotional child. Close relationships often mirror this split. They learn about themselves through projection and polarity: I–You, adult–child, giving–receiving."",""Strong need for partnership; oscillation between control and dependence; heightened sensitivity to reactions of significant others; life full of relational mirrors and emotional confrontations."",""Projection of disowned needs onto partner; emotional crises in relationships; feeling that others constantly block one’s path; difficulty integrating softness and strength within one self."","""""
"Sun,Mercury,conjunction,amplification,""Ego strongly fused with mind and opinions"",""Thoughts, self-image and will are tightly linked. The person identifies with their ideas and needs to express themselves verbally. Quick decisions and strong mental presence."",""Verbal leadership; desire to understand everything; tendency to explain and rationalize feelings; high need to be heard and recognized as smart."",""Intellectual pride; difficulty admitting ignorance; overthinking instead of feeling; difficulty listening; nervous tension when ego is questioned."","""""
"Sun,Mercury,square,conflict,""Tension between self-expression and thinking"",""The person may feel that their mind constantly criticizes or questions their choices. Decisions are easily paralyzed by internal debate. Sometimes they speak or act in ways that later feel wrong or misaligned."",""Alternation between impulsive speech and self-censorship; self-criticism about intelligence; conflicts with authority figures or teachers; difficulty trusting intuition."",""Mental self-sabotage; negative inner commentary; cynicism as defense; tendency to attack others’ ideas to protect fragile self-esteem."","""""
"Sun,Mercury,trine,harmonization,""Fluent integration of identity and intellect"",""Thinking supports self-expression. The person can easily articulate who they are and what they want. Communication feels natural and central to their life purpose."",""Teaching, writing, negotiating or sales talents; quick learning; ability to inspire through words; natural storyteller of their own path."",""Talking instead of doing; tendency to rationalize everything; charming but sometimes superficial self-presentation; resistance to deeper emotional work that cannot be neatly explained."","""""
"Sun,Mercury,opposition,splitting,""Self vs. inner commentator"",""The will and the observing mind can feel separate: one part acts, another part comments, judges or questions. Relationships often serve as mirrors for this dynamic through debates and disagreements."",""Strong tendency to seek dialogue and intellectual sparring; attraction to clever partners; life choices often negotiated through discussions."",""Chronic doubt; living more in others’ opinions than in inner authority; verbal conflicts as substitute for real decisions; difficulty unifying thought and action."","""""
"Sun,Venus,conjunction,amplification,""Charm, need for harmony and aesthetic self-expression"",""Ego and values are aligned. The person wants to be liked and to create beauty or harmony around them. Self-love is central and can be either healthy or narcissistic."",""Strong sense of style; focus on relationships; diplomacy; desire to make life pleasant; creative and artistic inclinations."",""Avoidance of conflict at all costs; tendency to seduce or please instead of being honest; dependence on approval; vanity and difficulty tolerating imperfection."","""""
"Sun,Venus,square,conflict,""Tension between self-assertion and desire to please"",""The person struggles between doing what they want and staying liked or desired. Love and creativity can be areas of both joy and frustration, with patterns of overgiving or self-centeredness."",""On–off dynamics in relationships; alternating generosity and self-focus; difficulty saying “no” to attractive offers; emotional drama in love life."",""Self-worth tied to attractiveness; using relationships to confirm ego; jealousy, melodrama, or manipulative charm; sacrificing real vocation for comfort or love."","""""
"Sun,Venus,trine,harmonization,""Natural grace and creative self-acceptance"",""Identity and value system flow together. The person radiates charm without much effort and often enjoys artistic talents or ease in relating. Love, pleasure and self-expression reinforce each other."",""Warmth and sociability; inclination to artistic or aesthetic professions; ability to build alliances; capacity to enjoy life without heavy guilt."",""Complacency; passive waiting for love and success; tendency to avoid hard work; sweet but unchallenging life script that can stagnate growth."","""""
"Sun,Venus,opposition,splitting,""Polarization between “I” and “we”"",""The person may swing between self-focus and total focus on partner. Relationships highlight questions of worth, loyalty and self-respect. Others often embody their ideals or unfulfilled desires."",""Attraction to charismatic or talented partners; learning about values through contrast; repeated relational choices that test self-love."",""Dependence on partner for identity; love triangles or repeating patterns of disappointment; compromise of core values to keep affection; difficulty balancing autonomy and intimacy."","""""
"Sun,Mars,conjunction,amplification,""Powerful will, high drive and strong competitiveness"",""The solar will and Martian energy reinforce each other. The person is active, decisive and often combative. They want to win, to lead and to feel their strength in action."",""Readiness to take initiative; tolerance for risk; passion in pursuing goals; high sexual and physical energy."",""Impulsiveness, aggression, authoritarian tendencies; difficulty accepting limits; conflicts with authorities; burnout or accidents through haste and overconfidence."","""""
"Sun,Mars,square,conflict,""Chronic inner tension between being and doing"",""Energy is high but not smoothly directed. The person often feels blocked or provoked and may alternate between explosive action and frustration. Anger and competitiveness are central learning fields."",""Frequent conflicts; strong reactions to criticism; pattern of creating challenges just to feel alive; attraction to risky situations."",""Self-destructive bravery; constant fights with the world; inability to rest; physical symptoms expressing repressed anger; tendency to push others until they resist."","""""
"Sun,Mars,trine,harmonization,""Healthy assertion and constructive courage"",""Will and action cooperate. The person can mobilize quickly when needed and usually knows how to use their energy effectively. They embody natural leadership when conscious of their impact."",""Sport, entrepreneurship or pioneering work; decisive but not necessarily aggressive style; ability to defend others and themselves."",""Taking strength for granted; insensitivity to those with less energy; impatience with slower people; tendency to chase challenges just because it’s easy to win."","""""
"Sun,Mars,opposition,splitting,""Self vs. warrior archetype"",""The person encounters their own aggression and drive through others. Life brings competitors, challengers or strong-willed partners, forcing them to negotiate between cooperation and confrontation."",""Attraction to energetic, sometimes combative people; intense relationships; life structured around conflicts, competitions or projects requiring shared effort."",""Projection of anger solely onto others; victim–persecutor dynamics; oscillation between dominance and submission; difficulty owning personal desire and libido."","""""
"Sun,Jupiter,conjunction,amplification,""Big, optimistic, self-confident personality"",""The sense of self and the principle of growth are fused. The person radiates enthusiasm, faith and generosity. They often feel protected or “lucky,” especially when following their calling."",""Charisma; natural teacher or mentor; love of learning and travel; tendency to think in big categories and to inspire others."",""Exaggeration, arrogance, moralizing; overestimation of abilities; difficulty with limits and modesty; waste of resources based on blind optimism."","""""
"Sun,Jupiter,square,conflict,""Tension between expansion and realism"",""The person feels inner push to grow, but real-world conditions or internal structure may not support their plans. They may alternate between grand ambitions and disappointment."",""Promises larger than possibilities; cycles of enthusiasm and burnout; clashes with authorities or systems when rules feel limiting."",""Gambling with life; ideological or moral arrogance; difficulty admitting mistakes; swinging between megalomania and self-condemnation."","""""
"Sun,Jupiter,trine,harmonization,""Natural luck and constructive optimism"",""The ego and the growth principle support each other. Life tends to offer opportunities when the person acts in line with inner truth. They attract mentors and helpful circumstances."",""Smooth career or educational opportunities; successful public roles; generosity and philanthropy; capacity to forgive and move on."",""Tendency to rely too much on luck; underestimating practical details; avoidance of unpleasant tasks; sugarcoating reality to maintain positive self-image."","""""
"Sun,Jupiter,opposition,splitting,""Self vs. belief system or external authority"",""The person may feel pulled between inner will and external laws, culture or ideology. Teachers, bosses or foreigners often mirror their own unintegrated belief dynamics."",""Attraction to powerful mentors or institutions; big life changes tied to travel, study, religious or philosophical shifts; intense discussions about meaning and ethics."",""Swinging between conformism and rebellion; blaming “the system” for personal choices; crises when ideals collapse; difficulty finding balanced, nuanced worldview."","""""
"Sun,Saturn,conjunction,amplification,""Serious, disciplined and responsible self"",""The ego is tightly linked with structure, duty and time. The person takes life seriously and often feels older than their age. They can achieve much through endurance and realism."",""Strong sense of responsibility; respect for rules; capacity to build long-term projects; realistic self-assessment (sometimes too harsh)."",""Rigidity, pessimism, guilt; chronic feeling of not being enough; self-denial of joy; fear of failure that blocks creativity and risk-taking."","""""
"Sun,Saturn,square,conflict,""Inner critic vs. creative self"",""The person experiences strong internal pressure: an ideal of perfection or duty constantly judges spontaneous impulses. This can lead either to high achievement or to paralysis and self-hatred."",""Hard work, ambition, drive to prove oneself; frequent experiences of external criticism or rejection that echo inner voice."",""Self-sabotage, depression, burnout; choosing harsh authorities or partners who replay the inner critic; fear of visibility; difficulty allowing vulnerability."","""""
"Sun,Saturn,trine,harmonization,""Constructive realism and mature authority"",""Will and structure cooperate. The person is able to work steadily, accept responsibility and build a stable identity. They grow into a reliable, respected figure over time."",""Consistent progress; realistic goal setting; patience; ability to guide others and carry weight without much complaining."",""Over-identification with work and duty; emotional distance; difficulty relaxing or playing; underestimation of personal needs when they don’t fit the role of “the strong one”."","""""
"Sun,Saturn,opposition,splitting,""Self vs. outer authority or limitations"",""Life confronts the person with rules, deadlines and powerful figures who force them to define their own authority. They may feel either oppressed or over-responsible."",""Challenging relationships with bosses, father figures or institutions; periods of strong effort followed by heavy exhaustion; need to define personal boundaries with obligation."",""Projection of responsibility onto others (“they don’t let me”); chronic sense of failure; oscillation between rebellion and submission; harsh self-judgment when standards aren’t met."","""""
"Sun,Uranus,conjunction,amplification,""Highly individualistic, freedom-driven identity"",""The person experiences themselves as different and needs autonomy to function. Creativity, originality and sudden shifts are central. They often live as a change agent or outsider."",""Innovative thinking; attraction to technology or alternative lifestyles; explosive need to break from routine; refusal to fit narrow roles."",""Chronic restlessness; shocking behavior; difficulty with commitment; rebellion for its own sake; crises triggered by sudden, uncompromising decisions."","""""
"Sun,Uranus,square,conflict,""Tension between stability and freedom impulse"",""The person is split between desire for stable identity and urge to radically change or rebel. Life often brings abrupt breaks in career, relationships or lifestyle."",""Periodic “revolution phases”; conflicts with authorities; difficulty following rules; need for projects that allow originality and independence."",""Self-sabotage through abrupt exits; inability to finish long projects; nervous exhaustion; repeated crises that could be mitigated by conscious planning of change."","""""
"Sun,Uranus,trine,harmonization,""Creative independence and constructive originality"",""Identity and need for freedom support each other. The person can innovate without necessarily destroying stability. They bring fresh air wherever they go."",""Talent for reform, new technologies or progressive movements; friendly distance in relationships; ability to inspire others to think differently."",""Subtle arrogance about being more “advanced”; avoidance of emotional depth; difficulty staying when things become emotionally complex or demand compromise."","""""
"Sun,Uranus,opposition,splitting,""Self vs. unpredictable others and collective change"",""The person encounters their own freedom impulse through erratic people or sudden external changes. Relationships and career often require learning flexibility."",""Attraction to unconventional partners; involvement in social or technological revolutions; life punctuated by sudden turning points."",""Projection of rebellion onto others (“they are unreliable”); fear of closeness because it threatens independence; chronic instability if inner need for freedom is denied."","""""
"Sun,Neptune,conjunction,amplification,""Mystical, idealistic, sometimes foggy self-image"",""Ego is infused with imagination, spirituality and sensitivity. The person seeks meaning, beauty and connection to something larger than themselves. Boundaries can be weak."",""Artistic and spiritual orientation; compassion; need for inspiration and symbolic life; ability to feel collective moods."",""Confusion about identity; susceptibility to deception or self-sacrifice; escape into fantasy, substances or roles; difficulty saying no; martyr or savior patterns."","""""
"Sun,Neptune,square,conflict,""Struggle between clarity of will and tendencies to escape"",""The person may feel chronically tired, lost or pulled into unrealistic directions. They want to serve something higher but may not know how, leading to disillusionment."",""Attraction to ideals and dreams; strong imagination; difficulty with mundane tasks; potential for artistic or healing work when grounded."",""Self-deception; victim mentality; dependence on admiration or rescue; blurred boundaries; repeated disappointments when reality fails fantasy."","""""
"Sun,Neptune,trine,harmonization,""Inspired, compassionate self-expression"",""The ego-channel naturally transmits subtle energies: art, healing, intuition. The person can live their ideals more smoothly, provided they maintain some structure."",""Empathy, creativity, spiritual sensitivity; tendency to help and soothe others; aesthetic or mystical presence."",""Over-idealization of self and others; difficulty confronting conflict; tendency to gently drift away from problems; passive expectation that “universe will arrange everything”."","""""
"Sun,Neptune,opposition,splitting,""Self vs. ideal or illusion"",""The person may project ideal or divine image outward (onto partner, guru, audience) while feeling personally inadequate or unclear. Life brings lessons around discernment and healthy idealism."",""Fascination with inspiring people; experiences of betrayal or disappointment that break illusions; search for true calling beyond glamour."",""Attraction to manipulative or addictive relationships; self-effacement; oscillation between inflation (“I’m chosen”) and collapse (“I’m nothing”); difficulty trusting own perception."","""""
"Sun,Pluto,conjunction,amplification,""Deep, intense, transformative core identity"",""The ego is fused with Plutonian themes: power, depth, death–rebirth. The person experiences life as a series of profound transformations and may radiate strong presence, sometimes intimidating."",""Psychological insight; capacity to endure crises; fascination with taboos; magnetic impact on others; potential for leadership in deep-change fields."",""Control issues; obsession; self-destructive extremes; difficulty letting go; tendency to manipulate or dominate when feeling threatened."","""""
"Sun,Pluto,square,conflict,""Inner war around power, control and transformation"",""The person is forced to confront shadow aspects of ego. Crises, losses and power struggles push them to evolve or harden. Will and instinct clash, producing intense inner pressure."",""Strong drive to prove strength; attraction to intense people and experiences; recurring conflicts with authorities or power structures."",""Self-sabotage through extremism; paranoia; destructive relationships; difficulty forgiving; cycles of burning bridges and then regretting it."","""""
"Sun,Pluto,trine,harmonization,""Constructive use of depth, power and will"",""The person has access to inner strength and regenerative capacities. They can work with collective shadow, transform systems and survive intense periods with resilience."",""Healing or transformative roles; fascination with psychology, occult or deep research; ability to cut to the core of issues."",""Subtle manipulation; fascination with control; difficulty being light or relaxed; tendency to see hidden motives everywhere, even where simple motives exist."","""""
"Sun,Pluto,opposition,splitting,""Self vs. external power or collective shadow"",""The person meets Plutonian forces through others: powerful partners, institutions, crises. They are challenged to own their power instead of fighting or submitting to it."",""Intense interpersonal dynamics; attraction to strong or dangerous characters; life marked by fated-feeling turning points."",""Projection of power onto others (“they control me”); victim–persecutor cycles; fear of own anger and sexuality; staying in destructive situations to avoid facing inner change."","""""
"Sun,Chiron,conjunction,amplification,""Identity built around core wound and healing mission"",""The person’s sense of self is strongly colored by a central vulnerability. They often feel different or flawed, yet precisely this becomes source of wisdom and guidance for others."",""Life-long focus on understanding and integrating a specific pain; teaching or counselling role; authenticity when sharing their story."",""Over-identification with wound; inability to see self beyond pain; using suffering as identity; rescuing others instead of caring for oneself."","""""
"Sun,Chiron,square,conflict,""Struggle between self-acceptance and feeling fundamentally wrong"",""The person frequently bumps into situations that trigger shame or inadequacy. They may try to prove themselves or avoid arenas where they fear exposure."",""Perfectionism; alternating visibility and withdrawal; patterns of being hurt by authority or by being in the spotlight."",""Sabotaging success because “I don’t deserve it”; harsh self-judgment; staying small to avoid criticism; chronic feeling that something is broken and can’t be fixed."","""""
"Sun,Chiron,trine,harmonization,""Natural integration of vulnerability into life path"",""The person can more easily turn wounds into gifts. Their identity incorporates sensitivity, and they often become gentle leaders, mentors or healers through lived experience."",""Ability to speak openly about imperfections; supportive presence for others; work in helping professions or creative self-disclosure."",""Subtle pride in being “the wounded one”; avoidance of deeper healing because pain is already functioning as role; staying in helper mode to bypass own next growth step."","""""
"Sun,Chiron,opposition,splitting,""Self vs. wounded mirror in others"",""The person encounters their own unhealed themes through partners, students or audiences who reflect pain and fragility. Relationships become a training ground for compassion and boundaries."",""Attraction to wounded or outsider figures; roles of mentor–student; repeated situations where their success triggers others’ envy or pain."",""Sacrificing self to heal others; guilt about shining; choosing relationships where they must constantly fix or explain; difficulty accepting that not all wounds can be healed by them."","""""
"Moon,Mercury,conjunction,amplification,""Feelings and thoughts are fused"",""Emotional reactions and thoughts arise almost simultaneously. The person thinks what they feel and feels what they think. This gives strong intuition and capacity to verbalize emotions, but also makes it hard to detach mentally from moods."",""Talking about feelings easily; strong need to discuss everything; changing opinions with changing moods; talent for teaching or counseling through personal experience."",""Overthinking emotions; mental anxiety; difficulty switching off the inner dialogue; tendency to worry and ruminate; susceptibility to nervous exhaustion when emotionally stressed."","""""
"Moon,Mercury,square,conflict,""Tension between feeling and thinking"",""The emotional system and the rational mind pull in different directions. What the person feels is often not what they can logically explain or accept. Communication about feelings can be awkward or defensive."",""Frequent misunderstandings; saying the opposite of what is felt; joking away deep emotions; self-criticism about intelligence or sensitivity; difficulty learning in emotionally charged environments."",""Inner split that leads to psychosomatic tension; using intellect to invalidate feelings (“I shouldn’t feel this”); or using emotion to reject facts; passive-aggressive communication and indirect messages."","""""
"Moon,Mercury,trine,harmonization,""Natural emotional intelligence and verbal flow"",""Feelings and thoughts cooperate smoothly. The person can easily name emotions, understand others’ moods and adapt their communication. This is supportive for learning, teaching and mediation."",""Warm, engaging communication style; good memory; talent for storytelling and writing from personal experience; ease in emotional conversations."",""Tendency to talk instead of act; intellectualizing emotions just enough to avoid deeper transformation; using charm and verbal skill to escape uncomfortable truths."","""""
"Moon,Mercury,opposition,splitting,""Mind vs. mood polarization"",""The person experiences an inner dialogue between a rational observer and an emotional child. Other people often play one of these roles in relationships, mirroring the inner conflict."",""Attraction to clever but emotionally detached people or vice versa; debating feelings rather than feeling them; oscillation between logic and sentimentality."",""Projection of irrationality onto others; chronic self-doubt about perceptions; passive-aggressive arguments; difficulty integrating “soft” and “smart” inside one coherent voice."","""""
"Moon,Venus,conjunction,amplification,""High need for comfort, harmony and affection"",""Emotional needs (Moon) and love/pleasure principle (Venus) are unified. The person seeks sweetness, beauty and emotional security, often through relationships and aesthetic environment."",""Strong need for tenderness; talent for creating cozy, beautiful spaces; warm, affectionate style; love of food, art, music and pleasant rituals."",""Emotional dependency; difficulty tolerating conflict; tendency to avoid discomfort through pleasure; comfort eating or overspending; staying in relationships just for safety and familiarity."","""""
"Moon,Venus,square,conflict,""Tension between emotional needs and relationship style"",""What feels safe and what attracts the person aesthetically or romantically are not the same. They may be drawn to people or pleasures that do not really nourish them emotionally."",""Falling for partners who do not provide true care; pleasing others against own needs; emotional drama around money or comfort; difficulties with receiving."",""Patterns of emotional self-betrayal; using food, shopping or romance to anesthetize pain; jealousy and insecurity; seeking constant reassurance from partners."","""""
"Moon,Venus,trine,harmonization,""Easy flow of affection and emotional charm"",""The person is naturally lovable and tends to form pleasant bonds. Emotional expression is graceful and relationships often bring support and comfort."",""Supportive friendships and family ties; talent for care professions, hospitality or art; ability to soothe others; strong sense of taste and style."",""Complacency; avoidance of conflict resolution; staying on the surface of harmony; laziness in emotional work; tendency to maintain peace at the cost of authenticity."","""""
"Moon,Venus,opposition,splitting,""Need for care vs. need for attraction"",""Inner child (Moon) and inner lover (Venus) are on two poles. The person may choose between safe but dull situations and exciting but emotionally insecure ones. Relationships mirror this split."",""Attraction to partners who embody the “glamour” side while they play the caregiving role, or vice versa; oscillation between nurturing others and seeking to be admired."",""Triangular situations and divided loyalties; difficulty uniting tenderness and desire in same relationship; sacrificing own emotional needs to remain “lovable” or aesthetically pleasing."","""""
"Moon,Mars,conjunction,amplification,""Hot, reactive emotions and strong assertive needs"",""Moon and Mars together create passionate and sometimes explosive emotional life. The person feels intensely and reacts quickly. Anger is close to the surface, but so is courage and commitment."",""Immediate responses; bravery in defending loved ones; strong sexual and nurturing drives; very active domestic or inner life."",""Irritability; emotional aggression; conflicts in family; acting on moods without reflection; psychosomatic symptoms linked to suppressed anger."","""""
"Moon,Mars,square,conflict,""Inner war between vulnerability and aggression"",""The person struggles to integrate softness and assertiveness. They may either attack when hurt or completely suppress anger and then explode later. Relationships often trigger this pattern."",""Argumentative tone; attracting irritable or combative people; difficulty staying calm under emotional pressure; pattern of fights followed by guilt."",""Violent emotional reactions; self-destructive acting out; chronic tension in body (stomach, muscles); recreating childhood conflict patterns in adult relationships."","""""
"Moon,Mars,trine,harmonization,""Courageous heart and active emotional life"",""Emotional energy flows into constructive action. The person can defend boundaries without unnecessary aggression and easily mobilizes energy when they care about something."",""Passion in relationships; ability to fight for family and values; good stamina; talent for sports or physical hobbies that release emotion."",""Taking others’ sensitivity for granted; impatience; tendency to assume own style of directness is harmless; skipping emotional reflection because “acting feels easier”."","""""
"Moon,Mars,opposition,splitting,""Soft vs. hard poles in close relationships"",""The person may experience themselves as either the peaceful, vulnerable one or the angry, active one, while others play the opposite role. Partnerships and family dynamics mirror this polarity."",""Attraction to strong, impatient or even aggressive partners; or being the explosive one in front of a softer partner; emotional push–pull."",""Cycles of provocation and withdrawal; unconscious re-enactment of parental conflict patterns; difficulty accepting that anger and care can coexist in one person."","""""
"Moon,Jupiter,conjunction,amplification,""Big feelings and generous emotional style"",""The emotional nature is expansive and optimistic. The person seeks meaning, growth and protection through family, culture or belief systems. They often have a strong need to nurture and be nurtured in a grand way."",""Hospitality; love of travel with family; frequent emotional highs; appetite for food and life; strong moral or religious coloring of feelings."",""Excess in eating, spending or emotional dramatization; idealization of family or beliefs; difficulty tolerating limitations; bypassing pain with “positive thinking”."","""""
"Moon,Jupiter,square,conflict,""Tension between emotional security and expansion"",""The person swings between seeking comfort and needing freedom or growth. They may overcompensate feelings of emptiness with big experiences, consumption or promises."",""Impulsive generosity; unstable moods tied to success/failure; moral or philosophical debates at home; educational or cultural conflicts in family."",""Emotional inflation (“everything is wonderful” or “everything is terrible”); escapism; difficulty accepting ordinary life; guilt about wanting more than family or culture allows."","""""
"Moon,Jupiter,trine,harmonization,""Optimistic, supportive emotional climate"",""The person tends to see the bright side and can be a source of comfort and hope for others. Family and inner world often support learning, travel or development."",""Natural counselor; talent for teaching from emotional experience; broad interests; feeling protected by life in critical moments."",""Neglect of uncomfortable feelings; spiritual or philosophical bypassing; tendency to promise more emotional support than they can actually offer; overlooking toxic patterns with “it’ll be fine”."","""""
"Moon,Jupiter,opposition,splitting,""Inner child vs. inner preacher"",""One side wants safety and familiarity, the other seeks adventure and truth. This tension is often played out between home and distant horizons, or between emotional needs and ideology."",""Moving between cultures or countries; partners from different backgrounds; family conflicts about beliefs; children as catalysts for change of worldview."",""Feeling emotionally homeless; exaggeration of either tradition or rebellion; projecting “wisdom” onto distant figures while devaluing own feelings; mood swings linked to meaning crises."","""""
"Moon,Saturn,conjunction,amplification,""Serious, controlled emotions and strong responsibility"",""The emotional life is structured and often marked by early experiences of duty, restriction or emotional distance. The person learns to rely on themselves and may find it hard to show vulnerability."",""Reliability in care; steadfastness in family matters; capacity to endure hardships; long-lasting bonds."",""Emotional inhibition; fear of dependency; depression or chronic sadness; difficulty receiving care; tendency to parent others instead of being a child when needed."","""""
"Moon,Saturn,square,conflict,""Inner clash between need for security and fear of closeness"",""The person may want emotional contact but also expect rejection or criticism. This leads to self-protection, walls and patterns of loneliness even in relationships."",""Harsh self-judgment concerning feelings; staying in relationships out of duty; cycles of emotional withdrawal and guilt; attraction to emotionally distant partners."",""Chronic dissatisfaction; self-denial of comfort; psychosomatic issues (especially stomach, bones, skin); repeating parental emotional coldness unconsciously."","""""
"Moon,Saturn,trine,harmonization,""Stable, patient and realistic emotional nature"",""Emotions are not easily shaken, and the person can handle long-term responsibilities calmly. They are often a rock for others and express care through practical support and consistency."",""Loyalty; ability to work for family goals; skill in long-term planning; comfortable with routine and structure."",""Neglect of own softness; difficulty playing and relaxing; seeing emotions as something to manage rather than experience; potential fatigue from always being “the strong one”."","""""
"Moon,Saturn,opposition,splitting,""Inner child vs. inner parent polarity"",""The person experiences emotional needs and duty as opposite poles. External figures (partners, bosses, parents) often mirror this tension, forcing them to negotiate between care and control."",""Relationships that alternate warmth and coldness; heavy obligations toward family; later-life reconciliation with parents or parental figures."",""Feeling emotionally orphaned; choosing partners who criticize or restrict; staying in unsatisfying structures because of guilt; difficulty forgiving self and others for past failures."","""""
"Moon,Uranus,conjunction,amplification,""Emotional independence and sudden mood shifts"",""Feelings are electric, changeable and often nonconventional. The person needs freedom in their emotional life and may react strongly to any attempt at control or routine."",""Unusual family patterns; spontaneous responses; attraction to unexpected experiences; emotional insights and intuitive flashes."",""Instability in home and relationships; fear of intimacy; emotional detachment or abrupt reactions; difficulty sustaining long-term comfort; nervous tension."","""""
"Moon,Uranus,square,conflict,""Tension between need for security and need for freedom"",""The person oscillates between clinging to safety and abruptly breaking away. Emotions can swing quickly; changes in mood or living situation may be dramatic."",""Sudden moves; on/off relationships; attraction to unconventional people; rebellious behavior sparked by emotional triggers."",""Self-sabotage through drastic decisions; inability to build stable base; emotional shock to others; recreating chaos from childhood; fear of being trapped leading to premature escape."","""""
"Moon,Uranus,trine,harmonization,""Creative emotional independence and intuitive originality"",""The person can be close yet give space, offering refreshing emotional presence. They adjust quickly to changes and often bring new perspectives to family or community life."",""Innovative domestic arrangements; eccentric but supportive friendships; intuitive understanding of group moods; ease in adapting to life changes."",""Subtle avoidance of deeper emotional bonds; preference for “interesting” over profound; difficulty tolerating routine; tendency to rationalize distance as “freedom”."","""""
"Moon,Uranus,opposition,splitting,""Need for closeness vs. need for radical autonomy"",""Emotional dependency and detachment are polarized, often embodied by different people or roles in life. The person learns about freedom and attachment through relationships that come and go unexpectedly."",""Falling for unavailable or unstable partners; frequent relocations; family crises around independence; living between two very different environments."",""Fear of abandonment; provoking breakups unconsciously; difficulty trusting stability; romanticizing emotional chaos; difficulty committing without feeling trapped."","""""
"Moon,Neptune,conjunction,amplification,""Extremely sensitive, empathic and dreamy emotional nature"",""The person has porous boundaries and picks up others’ moods easily. They may have rich fantasy life, strong intuition and capacity for compassion, but are vulnerable to confusion and idealization."",""Artistic and spiritual inclinations; vivid dreams; attraction to music, film, mysticism; deep longing for unconditional love and fusion."",""Emotional fog; martyr or savior patterns; addiction or escapism; difficulty distinguishing own feelings from others’; vulnerability to manipulation or disappointment."","""""
"Moon,Neptune,square,conflict,""Struggle between emotional reality and fantasy"",""The person may feel chronically misunderstood, rejected or guilty without clear cause. They often escape into dreams, roles or substances rather than face raw feelings."",""Falling for unavailable people; self-deception about relationships; chaotic domestic life; tendency to sacrifice too much or to vanish emotionally."",""Victim mentality; playing subtle emotional games; passive-aggressive withdrawal; psychosomatic or psychosocial symptoms that hide deeper unresolved pain."","""""
"Moon,Neptune,trine,harmonization,""Inspired imagination and spiritualized emotional life"",""Emotions naturally flow into creativity, compassion and subtle perception. The person can be a channel for collective feelings and healing energies if they maintain grounding."",""Artistic talent; healing or caring professions; deep empathy; capacity for symbolic understanding of personal and family stories."",""Difficulty saying no kindly; avoidance of conflict; tendency to gloss over problems with romantic or spiritual narratives; susceptibility to exhaustion from over-empathy."","""""
"Moon,Neptune,opposition,splitting,""Everyday emotional needs vs. idealized dream world"",""The person may live between two realities: ordinary life and an idealized emotional or spiritual fantasy. Relationships often serve as screens for projections of unconditional love or betrayal."",""Attraction to mysterious, suffering or charismatic figures; experiences of disillusionment; periods of withdrawal into inner world, art or spirituality."",""Escaping responsibilities through illness, dependency or vague confusion; blaming others for not meeting impossible expectations; difficulty grieving illusions and accepting imperfect love."","""""
"Moon,Pluto,conjunction,amplification,""Extremely intense, deep and transformative emotions"",""The person feels everything profoundly. Attachments can be absolute; emotional memory is long. They can be powerful healers or controllers depending on consciousness."",""Strong intuition about others’ motives; magnetism; attraction to taboos and psychological exploration; deep loyalty and capacity for regeneration."",""Emotional blackmail; jealousy, possessiveness; difficulty letting go of past hurts; compulsive emotional patterns; fear of abandonment leading to control strategies."","""""
"Moon,Pluto,square,conflict,""Inner battle around control, loss and emotional survival"",""Emotional life is marked by crises, power struggles and deep fears. The person may relive intense childhood dynamics and must learn to transform rather than repeat them."",""Stormy relationships; obsession with security; compulsion to test others’ loyalty; attraction to extreme situations."",""Emotional self-destruction; manipulative behavior; chronic mistrust; psychosomatic crises; clinging to pain as proof of depth; fear that peace equals vulnerability."","""""
"Moon,Pluto,trine,harmonization,""Constructive emotional depth and psychological insight"",""The person has natural access to psychological undercurrents and can navigate intense feelings without being totally overwhelmed. They often help others through crises."",""Interest in therapy, astrology, esoterics or deep research; ability to hold space for others’ darkness; strong emotional resilience."",""Subtle control over others’ emotions; difficulty accepting lightness; tendency to search for hidden motives even where trust would suffice; attraction to complex over simple solutions."","""""
"Moon,Pluto,opposition,splitting,""Soft emotional side vs. dark, powerful currents"",""The person encounters Plutonian intensity externally: through family, partners or crises. Relationships force them to face fears about loss, betrayal and emotional annihilation."",""Powerful emotional entanglements; involvement in others’ transformations; experiences of betrayal or abandonment that leave deep marks."",""Victim–persecutor cycles; staying in toxic environments; emotional addiction to drama; difficulty believing in safe intimacy; projection of own shadow onto “dangerous” others."","""""
"Moon,Chiron,conjunction,amplification,""Core wound and healing path centered on emotional needs"",""The person experiences deep sensitivity, often linked to early care, mothering or sense of belonging. Emotional pain becomes both vulnerability and source of wisdom."",""Life-long work on self-soothing and safe attachment; natural talent for supporting others emotionally; intuitive therapist or caretaker role."",""Over-identification with being hurt; inability to trust comfort; attracting situations that repeat old wounds; confusing empathy with self-erasure."","""""
"Moon,Chiron,square,conflict,""Ongoing tension between feeling and emotional hurt"",""The emotional body carries unresolved injuries, leading to disproportionate reactions. Small stimuli can reopen old wounds. Relationships easily touch raw spots."",""Frequent feelings of rejection; difficulty believing they are lovable; self-protective strategies that actually create distance; strong need for validation."",""Self-sabotage in relationships; clinging to painful memories; dramatizing suffering to feel seen; inability to accept care without suspicion or guilt."","""""
"Moon,Chiron,trine,harmonization,""Gentle integration of emotional vulnerability into life"",""The person can gradually turn emotional sensitivity into compassion and healing presence. They understand pain from inside and can share it in a way that helps others."",""Supportive friend, therapist or guide; authentic sharing of feelings; creating safe spaces; emotional creativity (poetry, music, etc.)."",""Subtle attachment to role of “wounded healer”; ignoring own limits while helping others; reluctance to move beyond familiar pain zone because it defines identity."","""""
"Moon,Chiron,opposition,splitting,""Emotional needs vs. wounded others as mirror"",""The person encounters their own unhealed feelings through people who are emotionally fragile or chaotic. Caring for them becomes a mirror for their own childhood themes."",""Attraction to partners or friends who need “saving”; repeated situations where their nurturing is not reciprocated; strong empathy for outsiders."",""Burnout from over-caretaking; resentment when help is not appreciated; guilt when choosing self over others; difficulty recognizing that they too deserve support and not only give it."","""""
"Mercury,Venus,conjunction,amplification,""Mind and feelings of liking are fused"",""Thoughts, aesthetic sense and sympathies are closely linked. The person tends to speak pleasantly, think in images and value harmony in communication. There is talent for diplomacy, writing, design or verbal art."",""Polite speech; charm in conversations; ease in making social contacts; ability to sell or negotiate gracefully; strong sense of taste influencing opinions."",""Avoidance of uncomfortable topics; flattery instead of honesty; intellectual laziness masked by pleasantness; difficulty tolerating disharmony or criticism; tendency to agree just to be liked."","""""
"Mercury,Venus,square,conflict,""Tension between logic and taste/affection"",""What the person finds pleasant or attractive does not always match what they see as reasonable. They may talk themselves into or out of relationships or pleasures, creating inner ambivalence."",""On–off attitudes toward people; rationalizing feelings; saying “yes” while meaning “no”; buying or agreeing against better judgment; aesthetic conflicts in partnerships."",""Self-sabotage in relationships through overanalysis; playing games in communication; using charm manipulatively; difficulty trusting own likes and dislikes; guilt about pleasure."","""""
"Mercury,Venus,trine,harmonization,""Graceful communication and aesthetic thinking"",""Intellect and sense of beauty cooperate easily. The person has natural talent for storytelling, social interaction, diplomacy and artistic ideas."",""Light yet meaningful conversations; ability to mediate conflicts; creative writing; talent for languages, marketing, or any field requiring pleasant expression."",""Superficiality; preferring charm over depth; avoiding serious issues because they “spoil the mood”; tendency to intellectualize love so it stays safe and not too intense."","""""
"Mercury,Venus,opposition,splitting,""Mental clarity vs. relational/pleasure needs"",""The person may polarize between the rational observer and the one who wants enjoyment and connection. Partners often embody one side while they act from the other."",""Debating about relationships; partners who “follow the heart” while they “follow the head” or vice versa; oscillation between cool logic and romantic idealization."",""Using logic to invalidate feelings of others; or using seduction to silence rational concerns; triangles and double messages; difficulty aligning words and relational behavior."","""""
"Mercury,Mars,conjunction,amplification,""Sharp, direct, sometimes aggressive mind"",""Thought and action are tightly connected. The person speaks quickly, argues strongly and can cut through confusion with decisive words. There is courage in expressing opinions."",""Debate skills; quick decisions; love of mental challenges; strong verbal assertion; capacity to mobilize others with speech."",""Harsh, cutting words; impatience with slower thinkers; polemical or sarcastic style; accidents or conflicts triggered by impulsive communication; difficulty listening."","""""
"Mercury,Mars,square,conflict,""Inner tension between thinking and acting"",""The mind is restless and easily irritated. Thoughts can turn into arguments, and the person may fluctuate between impulsive speech and suppressed anger."",""Frequent disputes; tendency to interrupt; mental defensiveness; difficulties in school or work when feeling criticized; attraction to controversial topics."",""Verbal aggression; bullying or being bullied mentally; self-sabotage through sharp tongue; headaches and nervous tension from suppressed rage; burning bridges with words."","""""
"Mercury,Mars,trine,harmonization,""Energetic, decisive and solution-oriented cognition"",""The person thinks fast and can implement ideas without much hesitation. They enjoy solving problems and may excel in strategic planning or technical tasks."",""Effective debates; successful negotiations; ability to defend ideas; quick learning in dynamic environments; talent in fields that blend intellect and action."",""Impatience with nuance; tendency to oversimplify; pushing opinions as facts; dominating discussions unintentionally; difficulty tolerating ambiguity."","""""
"Mercury,Mars,opposition,splitting,""Mind vs. fighter archetype"",""Inner critic and inner warrior stand on opposite sides. The person often encounters verbal conflict through others and must learn to negotiate rather than attack or surrender."",""Attraction to argumentative or very direct people; involvement in debates, legal or ideological battles; mental “duels” in close relationships."",""Projection of aggression onto others (“they’re always attacking”); picking fights unconsciously; difficulty recognizing own role in conflict dynamics; oscillation between verbal passivity and explosions."","""""
"Mercury,Jupiter,conjunction,amplification,""Big-picture mind and optimistic reasoning"",""The person naturally connects details (Mercury) with broader meaning (Jupiter). They love learning, teaching, philosophizing and connecting ideas across systems."",""Interest in languages, cultures, philosophy; talent for explaining complex topics simply; verbal enthusiasm; strong faith in own understanding."",""Intellectual arrogance; dogmatic thinking; talking more than listening; neglect of details; promising more than can be delivered; rational justification of biases."","""""
"Mercury,Jupiter,square,conflict,""Tension between concrete facts and beliefs"",""The person may oscillate between skeptical detail focus and grandiose generalizations. Inner debates about meaning vs. practicality are common."",""Frequent worldview changes; arguing about ideology; conflict with teachers or authorities; educational starts and stops."",""Preaching instead of dialoguing; self-righteous opinions; underestimating practical constraints; mental scattering between too many interests or directions."","""""
"Mercury,Jupiter,trine,harmonization,""Fluent synthesis of information and meaning"",""The mind easily grasps both data and context. The person can be an excellent teacher, guide or communicator of ideas, seeing connections where others see fragments."",""Successful studies; international contacts; broad mental horizon; writing or speaking that inspires; talent for integration of knowledge."",""Overconfidence in understanding; skipping verification of facts; tendency to simplify complex issues; impatience with those who need more concrete explanations."","""""
"Mercury,Jupiter,opposition,splitting,""Rational mind vs. belief system"",""The person may experience conflict between personal logic and external ideology (religion, culture, family worldview). Encounters with foreign ideas challenge their thinking."",""Intense discussions with mentors, family or cultural environment; studying abroad; alternating periods of skepticism and faith."",""Feeling mentally torn between different worldviews; projecting “truth” onto external authorities; difficulty finding personal synthesis; risk of ideological crises or sudden reversals."","""""
"Mercury,Saturn,conjunction,amplification,""Serious, structured, sometimes pessimistic mind"",""Thought processes are disciplined, cautious and focused on realism. The person can have excellent concentration and analytical skills, but may struggle with self-doubt or fear of failure intellectually."",""Deep, thorough thinking; ability to work with complex systems; talent for research, planning, editing or law; respect for knowledge gained through effort."",""Negative thinking; mental rigidity; fear of speaking up; inner critic attacking every idea; risk of learning blocks or delays due to anxiety or strict early environment."","""""
"Mercury,Saturn,square,conflict,""Inner critic vs. thinking function"",""The person’s mind is often intercepted by harsh judgments. They may either over-prepare and over-analyze or give up mentally. Communication can feel heavy and self-conscious."",""Slow speech; difficulty in exams; perfectionism in writing; fear of appearing stupid; overcompensation by collecting certificates or knowledge."",""Mental paralysis; chronic self-criticism; pessimistic worldview; addiction to “worst case scenario” thinking; choosing limiting environments that confirm intellectual insecurity."","""""
"Mercury,Saturn,trine,harmonization,""Reliable, disciplined and realistic intellect"",""The mind is patient and practical. The person can organize information and build long-term mental projects. They often become experts through steady work."",""Clear, structured communication; talent for teaching fundamentals; careful decision-making; respect for logic and evidence."",""Underestimating creativity; difficulty improvising; seeing conversation as task instead of living exchange; emotional caution camouflaged as “rationality”."","""""
"Mercury,Saturn,opposition,splitting,""Curious mind vs. rigid inner authority"",""The person experiences tension between desire to explore and strict standards or external criticism. Bosses, teachers or older people often mirror this inner split."",""Arguments with authority over facts; delay in education followed by later mastery; attraction to serious, older mentors; cautious communication style."",""Internalizing outer criticism; chronic doubt about intelligence; alternating between rebellion and submission intellectually; staying silent to avoid judgment, then feeling unseen."","""""
"Mercury,Uranus,conjunction,amplification,""Electric, original and non-linear mind"",""Thoughts come fast, in flashes and leaps. The person is inventive, loves unusual ideas and may be ahead of their time. Mental life is restless and needs stimulation."",""Interest in technology, astrology, science, avant-garde topics; intuitive leaps; unconventional perspectives; quick understanding of systems."",""Nervousness; scattered focus; difficulty with routine or slow people; interrupted sleep from mental overactivity; sometimes shocking or tactless comments."","""""
"Mercury,Uranus,square,conflict,""Tension between conventional thinking and need for mental freedom"",""The person feels trapped by rigid structures and reacts with sudden intellectual rebellion. Communication can be brilliant but erratic."",""Abrupt changes of opinion; provocative remarks; conflicts with teachers, colleagues or siblings; attraction to controversial information."",""Contrarianism for its own sake; unstable attention; difficulty finishing studies; social misunderstanding due to eccentric style; mental stress or burnout from constant stimulation."","""""
"Mercury,Uranus,trine,harmonization,""Innovative, quick and flexible intellect"",""The person naturally combines logic with intuition and can integrate new information rapidly. They are good at solving complex problems in unusual ways."",""Talent in IT, science, astrology, engineering, or creative problem solving; easy adaptation to technological change; original but understandable communication."",""Impatience with simplicity; difficulty explaining to slower learners; tendency to live in mental future and neglect present embodiment; mild detachment in close dialogue."","""""
"Mercury,Uranus,opposition,splitting,""Ordinary mind vs. revolutionary insight"",""The person swings between conventional reasoning and sudden radical ideas. Others may embody the Uranian voice, challenging their habitual thinking."",""Encounters with eccentric or genius-like people; involvement in progressive movements; disruptive insights during crises or stress."",""Mental instability; radicalizing under stress; difficulty grounding ideas; projecting “craziness” onto others while secretly fearing own difference; sudden breaks in studies or communication."","""""
"Mercury,Neptune,conjunction,amplification,""Imaginative, symbolic, but potentially foggy mind"",""The person thinks in images, metaphors and subtle associations. Intuition and fantasy are strong. They can be inspired artists or spiritual thinkers, but must guard against confusion and self-deception."",""Creative writing; poetry, film, music; sensitivity to tone and nonverbal cues; interest in mysticism and dreams; strong imagination."",""Difficulty focusing; misunderstanding facts; telling half-truths or “white lies” to avoid conflict; susceptibility to illusions, gossip or misinformation; mental escapism."","""""
"Mercury,Neptune,square,conflict,""Struggle between clear thinking and fantasy/denial"",""The mind easily drifts away from reality. The person may doubt their perceptions, mix facts with projections or avoid unpleasant information."",""Forgetting details; miscommunication; vague promises; difficulties with learning that requires precision; attraction to ambiguous or idealized narratives."",""Self-deception; playing victim or savior intellectually; confusion between intuition and fear; susceptibility to manipulation; potential for addiction or chronic procrastination."","""""
"Mercury,Neptune,trine,harmonization,""Inspired, intuitive and creative thinking"",""The mind naturally tunes into symbolic layers of reality. The person can be a gifted storyteller, artist, counselor or spiritual communicator."",""Empathy in communication; talent for imagining possibilities; sensitivity to collective moods; ability to speak to subconscious via images and stories."",""Avoidance of hard facts; indirect communication that confuses others; idealizing own understanding; softening truth so much that it loses clarity; subtle boundary issues."","""""
"Mercury,Neptune,opposition,splitting,""Concrete mind vs. ocean of images and feelings"",""The person is pulled between rational clarity and diffuse imaginative states. Others often carry one pole: the practical realist vs. the dreamer or mystic."",""Attraction to artistic, spiritual or chaotic people; communication breakdowns; experiences where lies or secrets are uncovered; oscillation between skepticism and blind faith."",""Projection of deceit onto others; difficulty trusting perception; susceptibility to conspiracy thinking or magical thinking; mental exhaustion from unclear boundaries with media and collective field."","""""
"Mercury,Pluto,conjunction,amplification,""Penetrating, obsessive and psychologically sharp mind"",""The person thinks deeply and intensely. They want to uncover hidden motives and may be excellent in research, therapy or investigative work. Words have power for them."",""Interest in psychology, esoterics, mysteries; capacity for profound conversations; talent for analysis and strategy; intuitive understanding of taboo topics."",""Mental obsession; suspicion; interrogative style that intimidates others; tendency to manipulate with information; difficulty letting go of certain ideas or grudges."","""""
"Mercury,Pluto,square,conflict,""Inner tension around control of information and truth"",""The mind can be extreme, swinging between silence and verbal domination. The person may fear being exposed or controlled by others’ knowledge and thus becomes hyper-vigilant."",""Power struggles in discussions; attraction to secrets; challenging authority intellectually; sarcastic humor; intense mental crises that transform worldview."",""Paranoia; compulsive questioning; psychological games in communication; self-destructive ideas; mental cruelty toward self or others; difficulty trusting good intentions."","""""
"Mercury,Pluto,trine,harmonization,""Deep analytic capacity and transformative communication"",""The person can influence others through well-aimed words, revealing truths that catalyze change. They are suited to therapeutic, investigative or strategic roles."",""Skill in crisis communication; ability to talk about difficult topics; talent for penetrating research; capacity to help others reframe trauma mentally."",""Subtle manipulation; using insight to control; fascination with dark topics; difficulty staying at surface-level conversation; tendency to push others into depth when they’re not ready."","""""
"Mercury,Pluto,opposition,splitting,""Rational mind vs. shadowy, intense undercurrents"",""The person meets Plutonian intensity through others’ words, secrets or crises. Debates and negotiations can become arenas for power struggle."",""Encounters with mentors or opponents who “see through” them; emotional content in intellectual conflicts; radical changes of opinion after crises."",""Projection of manipulation onto others; fear of speaking honestly; staying in toxic information environments; fixation on painful stories; difficulty separating analysis from emotional reactivity."","""""
"Mercury,Chiron,conjunction,amplification,""Wound and healing path in communication and learning"",""The person often carries memories of being misunderstood, mocked or silenced. At the same time they can grow into wise communicators, teachers or mediators for those with similar wounds."",""Strong sensitivity around speaking and being heard; potential for therapeutic writing or teaching; interest in alternative learning methods; ability to verbalize pain."",""Over-identification with narrative of “not being smart/eloquent enough”; self-sabotage in exams or public speaking; using self-deprecating humor to cover hurt."","""""
"Mercury,Chiron,square,conflict,""Tension between thinking and core wound around expression"",""Every attempt to speak or learn may trigger old shame. The person can oscillate between intellectual bravado and avoidance."",""Stuttering under stress; perfectionism in writing; fear of asking questions; involvement in situations where words hurt or heal strongly."",""Sabotaging education; sarcastic or wounding speech as defense; adopting “clown” or “idiot” role to avoid serious evaluation; chronic feeling of being mentally defective despite evidence."","""""
"Mercury,Chiron,trine,harmonization,""Healing intelligence and compassionate communication"",""The person can transform their own vulnerability into a tool for helping others articulate pain. Their words carry healing intention."",""Counseling, coaching or teaching roles; delicate way of talking about difficult topics; supportive feedback; skill in reframing painful experiences cognitively."",""Subtle pride in being “damaged but wise”; over-involvement in others’ problems; neglecting own learning needs; staying in familiar wound stories instead of moving to new mental territory."","""""
"Mercury,Chiron,opposition,splitting,""Mind vs. wounded messenger in others"",""The person meets their own communication wounds through people who speak clumsily, harshly or from pain. Encounters with these figures force them to examine how they use words."",""Working with clients, students or partners who struggle with articulation; conflicts triggered by “wrong words”; strong impact of criticism and feedback."",""Taking on permanent role of therapist/translator in relationships; resentment when others don’t “understand” at once; difficulty accepting that some misunderstandings cannot be fully avoided."","""""
"Venus,Mars,conjunction,amplification,""Strong erotic charge and creative passion"",""The principles of attraction (Venus) and desire (Mars) are fused. Relationships, art and pleasure are charged with vitality and sexuality. The person loves intensely and often pursues what they like actively."",""Magnetic charm; strong physical chemistry in relationships; talent for dance, performance or expressive arts; enjoyment of playful competition and flirting."",""Impulsiveness in love; jealousy; confusion between affection and sexual conquest; tendency to create drama for excitement; unstable boundaries between friendship and passion."","""""
"Venus,Mars,square,conflict,""Tension between need for harmony and urge for passion"",""The person swings between wanting peace and provoking conflict or heat. They may be attracted to partners who are wrong for them but very exciting. Pleasure is often mixed with struggle."",""Intense on/off relationships; sexual tension with people who frustrate them; alternating seduction and rejection; creative blocks followed by bursts of energy."",""Self-sabotage in love; repeating triangles and conflicts; mistaking tension for love; inability to rest in calm, stable relationships; aggressive charm or manipulative seduction."","""""
"Venus,Mars,trine,harmonization,""Balanced mix of softness and assertive passion"",""Affection and desire work together smoothly. The person can express sensuality directly without losing tenderness. Creativity has both inspiration and drive."",""Healthy sexuality; playful romantic style; ease in asserting preferences in relationships; artistic productivity when inspired."",""Taking relational ease for granted; getting bored when there is no challenge; seeking stimulation instead of depth; underestimating others’ different rhythm or boundaries."","""""
"Venus,Mars,opposition,splitting,""Lover vs. warrior polarity in relationships"",""The person experiences attraction and conflict as two sides of the same coin. Partners often embody the Mars pole (active, demanding) while they embody Venus (receptive, pleasing), or vice versa."",""Intense chemistry with people they also fight with; cycles of pursuit and distancing; learning about desire through mirroring and confrontation."",""Instability in love; oscillation between submissive and dominant roles; attraction to “bad boys/girls”; difficulty separating real desire from habit of conflict; burnout from relational battles."","""""
"Venus,Jupiter,conjunction,amplification,""Big appetite for pleasure, love and beauty"",""Venus and Jupiter together create generosity, warmth and desire for comfort, luxury or abundance in relationships. The person tends to trust life and people easily."",""Lucky breaks in love and money; success in social situations; love of art, travel, gastronomy; strong sense of aesthetics and style."",""Overindulgence; laziness; spending more than earning; idealizing partners; staying in comfort instead of facing necessary but unpleasant growth tasks."","""""
"Venus,Jupiter,square,conflict,""Tension between enjoyment and moderation"",""The person may overdo pleasure or generosity and then face consequences. They want “a lot of good things” and struggle with limits in love or finances."",""Expensive gifts; social extravagance; difficulty saying no to invitations; moral or cultural differences in relationships."",""Gambling in love or money; enabling others’ excesses; promises they cannot keep; rationalizing indulgence; disappointment when others don’t match their ideal of generous love."","""""
"Venus,Jupiter,trine,harmonization,""Easy, optimistic relational and aesthetic flow"",""The person usually finds support and goodwill in relationships. They radiate positive expectations and often receive appreciation and kindness in return."",""Good social reputation; helpful friends; success in partnership-based projects; talent for combining beauty with meaning (art, teaching, coaching)."",""Taking blessings for granted; reluctance to confront conflicts; overlooking red flags; expecting life to always be easy in love and money and being unprepared when reality tightens."","""""
"Venus,Jupiter,opposition,splitting,""Personal taste vs. larger social or moral framework"",""The person may feel pulled between what they like and what their culture, religion or environment approves. Partners can represent one side of this tension."",""Cross-cultural or long-distance relationships; differences in values or lifestyle; attraction to partners who open new worlds."",""Over-compromise of own preferences to fit partner’s worldview; or rejection of good opportunities out of stubborn adherence to taste; alternating between hedonism and guilt."","""""
"Venus,Saturn,conjunction,amplification,""Serious, loyal and cautious approach to love and values"",""The person treats relationships and commitments with gravity. Affection is not given lightly but, once given, tends to be long-lasting. They value reliability and structure."",""Long-term partnerships; responsible handling of money; preference for quality over quantity; age differences in relationships possible; classical or minimalist aesthetic."",""Fear of rejection; difficulty expressing warmth; staying in relationships out of duty; self-denial of pleasure; feeling unlovable or “too much/too little” to be chosen."","""""
"Venus,Saturn,square,conflict,""Tension between desire for closeness and fear of loss"",""The person may crave love yet expect disappointment. This can lead to self-protection, coldness or choosing partners who confirm their negative expectations."",""Slow start in relationships; testing partners; attraction to unavailable or critical people; financial ups and downs linked to self-worth crises."",""Emotional walls; clinging to relationships that hurt because they feel deserved; transactional approach to love; guilt around pleasure and beauty; chronic sense of not being enough."","""""
"Venus,Saturn,trine,harmonization,""Stable, committed and realistic love nature"",""Affection is expressed through reliability, support and loyalty. The person is willing to work on relationships and values steady, serious bonds."",""Enduring partnerships; financial discipline; preference for long-term investments (emotional and material); mature, understated style in aesthetics and emotions."",""Difficulty allowing spontaneity or play; seeing love as duty; underestimating the role of joy; neglecting own needs to keep structure intact."","""""
"Venus,Saturn,opposition,splitting,""Inner lover vs. inner authority/critic"",""The person experiences conflict between the part that wants connection and the part that imposes rules or criticism. Partners often embody one side, leading to polarization."",""Relationships with strong power dynamics; themes of commitment vs. freedom; late or karmic-feeling partnerships; differences in age or status."",""Projecting rejection onto others; patterns of abandonment or withdrawal; staying in loveless bonds out of obligation; harsh judgment of self and partners for human imperfections."","""""
"Venus,Uranus,conjunction,amplification,""Nonconventional, freedom-oriented approach to love"",""Venus with Uranus brings excitement, originality and sudden changes in relationships. The person values independence and novelty strongly."",""Attraction to unusual or distant partners; preference for open or experimental relationship formats; love at first sight; aesthetic that is edgy or avant-garde."",""Fear of routine; difficulty with commitment; sudden breakups; emotional detachment masked as “need for freedom”; chasing excitement instead of building intimacy."","""""
"Venus,Uranus,square,conflict,""Tension between stability in love and craving for novelty"",""The person oscillates between wanting secure bonds and wanting absolute independence. They may sabotage relationships when they start to feel predictable."",""On/off connections; falling in love quickly and cooling as quickly; unexpected attractions; relational “electric storms”."",""Unreliability; being perceived as emotionally inconsistent; choosing unavailable partners to avoid real closeness; provoking crises to feel alive in relationships."","""""
"Venus,Uranus,trine,harmonization,""Friendly, open and creatively independent relational style"",""The person can combine closeness with space, valuing friendship within love. They appreciate originality in aesthetics and relationships without needing constant drama."",""Unusual but stable partnerships; tolerance for differences; broad social circles; talent for modern arts, design, or technology-related creativity."",""Avoidance of emotional depth; preference for lightness and intellectual connection at cost of vulnerability; difficulty handling others’ need for more traditional security."","""""
"Venus,Uranus,opposition,splitting,""Need for union vs. strong pull toward autonomy"",""The person experiences relational polarity between conventional attachment and radical independence. Partners may either cling or break away suddenly."",""Attraction to rebellious or eccentric people; long-distance or intermittent relationships; repeated unexpected separations or reunions."",""Instability; fear of abandonment and fear of being trapped at the same time; difficulty committing without feeling suffocated; using sudden exits instead of negotiating needs."","""""
"Venus,Neptune,conjunction,amplification,""Highly romantic, idealistic and spiritualized love nature"",""Venus with Neptune creates a longing for soul-level union, beauty and transcendence. The person loves through imagination and may see partners in a mystical or symbolic light."",""Strong artistic inspiration; attraction to music, film, poetry; compassionate approach to relationships; desire for unconditional love; capacity for selfless giving."",""Idealization of partners; blind spots about red flags; martyrdom in love; confusing pity with love; vulnerability to deception, addiction or fantasy as substitute for real connection."","""""
"Venus,Neptune,square,conflict,""Struggle between realistic relating and romantic illusion"",""The person often falls for images, potential or fantasy rather than who the partner really is. Boundaries in love and finances are blurred."",""Secret or unrequited loves; chaotic relationship patterns; financial confusion linked to generosity or naivety; difficulty defining what they actually want in love."",""Victim–savior scenarios; repeated disillusionment; emotional and financial exploitation; escapism into romance, art or substances rather than addressing relational problems."","""""
"Venus,Neptune,trine,harmonization,""Inspired, compassionate and artistically gifted relating"",""The person can express love through art, kindness and subtlety. Relationships may feel soulful and supportive of spiritual or creative pursuits."",""Shared artistic or spiritual interests with partners; intuitive understanding of others’ needs; ability to create magical, beautiful atmospheres."",""Avoiding confrontation to “keep it beautiful”; overlooking incompatibilities; self-sacrifice in the name of ideal love; tendency to live in fantasy about relationship quality."","""""
"Venus,Neptune,opposition,splitting,""Personal needs vs. dream of perfect love"",""The person is pulled between realistic needs and a transcendent ideal of love. Partners may represent either the concrete or the unreachable dream."",""Attraction to unavailable or distant figures (physically or emotionally); theme of savior and victim in love; powerful experiences of projection and disappointment."",""Losing self in relationships; chasing illusions; refusing good, ordinary love because it doesn’t feel “special” enough; difficulty grieving the loss of fantasies."","""""
"Venus,Pluto,conjunction,amplification,""Intense, magnetic and transformative love and values"",""Venus with Pluto brings passions that feel fated and total. Love, money and aesthetic choices are driven by depth and intensity. The person may experience radical transformations through relationships."",""Strong charisma; attraction to taboo or forbidden themes; deep loyalty; capacity for regeneration after breakups or financial crises; interest in occult or psychological aesthetics."",""Jealousy, obsession, power games; manipulative seduction; inability to let go; destructive relationships maintained for the intensity; financial entanglements as control tools."","""""
"Venus,Pluto,square,conflict,""Tension between desire for harmony and deep control issues"",""The person experiences intense relational conflicts and power dynamics. Attraction often goes to complex, wounded or dangerous partners."",""Drama in love; emotional extremes; strong attraction–repulsion patterns; difficulty with mild, balanced affection; involvement in financial or sexual power struggles."",""Compulsive relationships; emotional blackmail; revenge; trauma bonding; using love or money to dominate; self-worth tied to being desired at any cost."","""""
"Venus,Pluto,trine,harmonization,""Constructive depth and passion in love, art and values"",""The person can channel intensity into creative or healing work. Relationships may be deep and transformative without necessarily being destructive."",""Capacity to help partners through crises; interest in deep arts, psychology, esoterics; ability to transform personal style and values over time."",""Subtle manipulation; inability to accept simple happiness; fascination with dark aesthetics; tendency to test partners’ loyalty unnecessarily; difficulty fully trusting peace."","""""
"Venus,Pluto,opposition,splitting,""Pleasure principle vs. shadow of power and control"",""The person meets Plutonian themes through partners: jealousy, domination, deep passion, shared resources. They negotiate between wanting ease and being pulled into intensity."",""Powerful, fated-feeling relationships; financial or sexual entanglements; crises that force reevaluation of what love and value mean."",""Attraction to abusive or controlling dynamics; victim–persecutor cycles; fear of abandonment leading to clinging; difficulty leaving destructive bonds because of emotional addiction."","""""
"Venus,Chiron,conjunction,amplification,""Core wound and healing path around love and worth"",""The person carries deep sensitivity about being lovable and valuable. Relationships touch this wound directly, but also offer opportunities for healing and new understanding of self-worth."",""Attraction to gentle, wounded or marginal people; healing through art, relationship work or therapy; strong capacity for empathy and relational guidance."",""Over-identification with being “unlovable” or “too much”; choosing partners they want to heal; staying in painful bonds to avoid re-experiencing old rejection; self-sacrifice as proof of love."","""""
"Venus,Chiron,square,conflict,""Tension between desire for love and fear/shame around it"",""Attempts at closeness activate old relational pain. The person may alternate between longing and avoidance, idealization and devaluation of partners and of themselves."",""Complex relationship histories; strong emotional reactions to criticism or perceived neglect; compensation through aesthetics, art, shopping or caretaking."",""Sabotaging promising relationships; using charm to hide insecurity; chronic feeling of “not being enough” or “too flawed” to be loved; envy of others’ seemingly easy love life."","""""
"Venus,Chiron,trine,harmonization,""Gentle integration of relational wound into wisdom"",""The person can transform past hurts into increased compassion and skill in relating. They understand the fragility of hearts and can create safe atmospheres for intimacy."",""Healing arts, couples therapy, mediation or coaching; artistic expression of relational themes; ability to validate others’ vulnerability."",""Staying in helper role to avoid own vulnerability; subtle pride in being “the one who understands love’s pain”; reluctance to ask for what they really need, preferring to give instead."","""""
"Venus,Chiron,opposition,splitting,""Inner lover vs. wounded other as mirror"",""The person meets their own love/ worth injuries through people who feel broken, rejected or insecure. Partnerships become stage for healing dynamics."",""Choosing partners who need emotional repair; encounters that expose past heartbreaks; strong longing to heal and be healed through love."",""Burnout from over-caretaking; repeating savior–victim patterns; guilt when relationships end; difficulty accepting mutuality (allowing themselves to receive love, not only give)."","""""
"Mars,Jupiter,conjunction,amplification,""High drive, enthusiasm and risk-taking"",""Mars and Jupiter together create strong physical and motivational energy. The person acts with confidence, seeks expansion and often aims at big goals. Initiative and optimism are tightly linked."",""Sporty or entrepreneurial temperament; love of challenges; taking on big projects; belief that things will work out when they act boldly."",""Overconfidence; taking reckless risks; pushing beliefs aggressively; burnout from constant activity; moral or ideological crusades that ignore nuance."","""""
"Mars,Jupiter,square,conflict,""Tension between action impulse and realistic limits"",""Desire to move fast and far clashes with circumstances or internal restraint. The person can oscillate between intense effort and exhaustion or frustration when results don’t match expectations."",""Impulsive decisions about travel, study or business; difficulty pacing themselves; conflict with authorities or law when overstepping boundaries."",""Gambling with time, money or health; bravado masking insecurity; moral arrogance; ignoring feedback; cycles of grand plans followed by disappointment and self-blame."","""""
"Mars,Jupiter,trine,harmonization,""Constructive courage and growth-oriented action"",""Energetic initiative supports expansion. The person can seize opportunities effectively and often finds that doors open when they act in line with their values."",""Success in sport, leadership, teaching or business; talent for motivating others; willingness to take calculated risks; physical and mental stamina."",""Tendency to underestimate dangers; overextension into too many activities; difficulty slowing down; mild intolerance for more cautious people; “I’ll manage” attitude that skips planning."","""""
"Mars,Jupiter,opposition,splitting,""Personal will vs. external growth/ethical demands"",""The person experiences tension between their own impulses and the expectations of culture, law or belief systems. Others may push them to grow beyond raw assertion."",""Conflicts with mentors, bosses or foreign environments; action triggered by ideological debates; “me vs. system” experiences that redefine goals."",""Projection of righteousness onto self and wrongness onto world; legal or moral battles; swinging between reckless defiance and exaggerated compliance; acting from rebellion rather than true direction."","""""
"Mars,Saturn,conjunction,amplification,""Disciplined, controlled but internally tense drive"",""Mars and Saturn together produce capacity for hard, sustained work. The person can endure obstacles and channel energy into long-term projects, but may also feel blocked and angry inside."",""Persistence; tolerance for effort; ability to work under pressure; strategic action; careful use of physical strength."",""Chronic frustration; self-imposed restriction; harsh self-discipline; tendency to push body too far; anger held in that becomes bitterness or rigidity."","""""
"Mars,Saturn,square,conflict,""Inner war between impulse and inhibition"",""The desire to act meets strong inner or outer “no”. This creates tension that can manifest as accidents, blocked initiatives or irritability."",""Stop–go behavior; fear of failure mixed with aggressive pushing; conflicts with authorities; difficulty relaxing; somatic tension in muscles, joints, teeth."",""Self-sabotage: acting at wrong time or in wrong way; attracting punitive situations; becoming the harsh enforcer for self or others; depression when energy turns inward destructively."","""""
"Mars,Saturn,trine,harmonization,""Efficient, patient and strategically directed energy"",""Mars’ drive is supported by Saturn’s structure. The person acts with planning and persistence, using effort economically and effectively."",""Reliable performance; endurance; success in demanding professions; ability to handle crises calmly; respect for rules of the game while still being effective."",""Overwork; identifying too strongly with productivity; difficulty playing or improvising; suppressing softer needs; being perceived as strict or unyielding in action."","""""
"Mars,Saturn,opposition,splitting,""Personal assertiveness vs. external control and limits"",""The person encounters restrictions and authority through others or circumstances. They must learn when to push and when to accept boundaries."",""Power struggles with bosses, parents or institutions; delays in achieving goals; learning through trial and error where resistance is real and where internalized."",""Blaming “fate” or others for inaction; anger at rules that may protect them; passive aggression; oscillation between rebellion and total resignation; chronic sense of blocked drive."","""""
"Mars,Uranus,conjunction,amplification,""Explosive, highly independent and unpredictable energy"",""Mars with Uranus gives lightning-like actions, sudden decisions and a strong need for freedom. The person acts quickly and often nonconventionally."",""Attraction to extreme sports, technology, innovation; tendency to break routines; sudden moves or career changes; strong intolerance for constraint."",""Accidents, burns, shocks; acting without thinking; rebelliousness that creates unnecessary crises; difficulty taking orders; nervous system overload from constant stimulation."","""""
"Mars,Uranus,square,conflict,""Tension between raw drive and disruptive freedom impulse"",""The person’s energy tends to erupt in sudden bursts, especially when feeling limited. Actions can be brilliant or chaotic, depending on consciousness."",""Quitting jobs suddenly; breaking relationships abruptly; radical changes in life direction; fights with authorities over independence."",""Erratic behavior; difficulties maintaining long-term projects; provoking conflict; dangerous risk-taking; using shock value instead of real negotiation; volatility that alienates allies."","""""
"Mars,Uranus,trine,harmonization,""Innovative, quick and flexible use of energy"",""The person can act fast and creatively, often finding unconventional solutions in crisis. They thrive in dynamic environments that reward initiative and originality."",""Success in fields requiring rapid response and innovation; calm in emergencies; ability to adjust tactics instantly; natural reformer in systems."",""Restlessness when life is too stable; jumping to new projects before finishing old ones; lack of patience with step-by-step processes; tendency to live in permanent “high gear”."","""""
"Mars,Uranus,opposition,splitting,""Personal action vs. disruptive external forces"",""The person meets Uranian energy through sudden events or people who push them into change. They must integrate freedom needs without constant explosions."",""Involvement with rebellious or erratic partners; abrupt life turning points; crises that force them to redefine autonomy."",""Feeling victim of unpredictable circumstances; unconscious creation of shocks when bored; difficulty negotiating compromise; alternating between hyper-control and reckless liberation."","""""
"Mars,Neptune,conjunction,amplification,""Action guided by imagination, ideals and subtle motives"",""Mars with Neptune channels energy into dreams, spirituality, fantasy or compassion. The person may act in inspired, symbolic or indirect ways rather than straightforwardly."",""Drive toward art, film, music, helping professions or spiritual paths; capacity for sacrifice; sensitivity to atmosphere; acting on hunches."",""Diffused will; difficulty pursuing concrete goals; escapist behavior; passive-aggressive action; susceptibility to substances or unrealistic crusades in the name of ideals."","""""
"Mars,Neptune,square,conflict,""Struggle between concrete action and urge to escape or dissolve"",""The person’s energy often leaks into fantasy, confusion or self-undoing. Attempts to assert themselves may be followed by guilt or uncertainty."",""Erratic motivation; helping others instead of dealing with own tasks; unclear boundaries in sexual and energetic contacts; feeling tired or unmotivated without obvious reason."",""Self-sabotage; victim–savior games; acting covertly instead of directly; using exhaustion or confusion as defense; involvement in deceptive or chaotic situations."","""""
"Mars,Neptune,trine,harmonization,""Inspired, compassionate and creative use of energy"",""The person can channel drive into artistic, healing or spiritual activities. Actions often feel guided by intuition or higher vision."",""Participation in charity, art, music or spiritual work; gentle yet effective helping style; ability to act in tune with subtle processes."",""Avoidance of conflict by “rising above”; reluctance to use clear no/yes; losing energy in vague projects; idealizing own motives and ignoring shadow."","""""
"Mars,Neptune,opposition,splitting,""Concrete will vs. ocean of ideals and confusion"",""The person meets Neptune through others or situations that blur their direction. They may be pulled between action and surrender, clarity and fog."",""Attraction to elusive or victim-like partners; involvement in confusing projects; alternation between bursts of action and periods of passivity or escapism."",""Projection of deceit onto others while ignoring own ambiguity; burnout from rescuing; difficulty setting firm limits; drifting instead of choosing, then feeling persecuted by circumstances."","""""
"Mars,Pluto,conjunction,amplification,""Extremely intense, volcanic and transformative drive"",""Mars with Pluto multiplies willpower and capacity for radical action. The person can move mountains when focused, but energy is raw and potentially destructive if unconscious."",""Fearless pursuit of goals; attraction to crisis work, surgery, martial arts, deep transformation fields; enormous stamina and survival instinct."",""Violence (physical or psychological); obsession with control; destructive anger; involvement in dangerous situations; tendency to push self and others beyond healthy limits."","""""
"Mars,Pluto,square,conflict,""Inner war around power, aggression and survival"",""The person experiences intense internal pressure. Anger, sexuality and need for control can clash, creating explosive or implosive patterns."",""Power struggles; extreme competitiveness; attraction to “all or nothing” scenarios; confrontations that escalate quickly."",""Self- or other-directed violence; abuse dynamics; revenge; dangerous risk-taking; compulsive behavior; difficulty acknowledging vulnerability; living as if permanently at war."","""""
"Mars,Pluto,trine,harmonization,""Controlled, focused and regenerating power"",""The person can handle strong energies and use them for transformation, healing or deep restructuring of life or systems."",""Success in psychotherapy, crisis management, surgery, research, occult work or any field requiring courage and depth; ability to recover from losses."",""Subtle domination; using power to shape others’ choices; difficulty relaxing; preference for intense situations; suspicion of “easy” paths; pushing change faster than others can handle."","""""
"Mars,Pluto,opposition,splitting,""Personal aggression vs. external power and shadow"",""The person meets Plutonian intensity through others’ force, jealousy, sexuality or manipulation. Conflicts often reveal hidden dynamics and unconscious motives."",""Confrontations with powerful individuals or institutions; entanglements that feel fated; experiences of coercion or being pushed to limits."",""Victim–persecutor cycles; either over-submitting or over-attacking; fear of own destructive potential; staying in toxic conflicts for the thrill; difficulty trusting peaceful solutions."","""""
"Mars,Chiron,conjunction,amplification,""Core wound and healing path around aggression and initiative"",""The person is highly sensitive about acting, asserting, defending or expressing anger. Early experiences may have linked action with pain or shame. They can become wise guides in healthy use of will."",""Careful approach to conflict; interest in bodywork, martial arts, trauma healing; ability to defend vulnerable people; nuanced understanding of courage and fear."",""Avoiding action to not hurt others; self-harm; attracting situations where they feel attacked; guilt about anger; seeing themselves as “bad” when they assert needs."","""""
"Mars,Chiron,square,conflict,""Tension between will and wounded masculine/warrior function"",""Attempts to assert themselves often trigger old injuries. They may either overcompensate with aggression or freeze in fear of repeating past hurt."",""Explosive reactions followed by regret; clumsiness in conflict; injuries or accidents around times of high emotional stress; ambivalence about competition and sexuality."",""Self-sabotage when nearing success; seeking fights to prove worth; staying passive and resentful; identifying with victim position; attacking others preemptively to avoid being hurt."","""""
"Mars,Chiron,trine,harmonization,""Healing use of assertive energy"",""The person can gradually integrate past wounds about action and anger into a wise, compassionate strength. They often help others learn healthy boundaries and self-defense (literal or symbolic)."",""Coaching, therapy, body-oriented practices; role of mediator who understands both fighters; advocacy for the weak; teaching how to channel anger constructively."",""Over-investment in others’ battles; difficulty using force for own needs; subtle pride in being “the peaceful one”; reluctance to acknowledge that they too can be dangerous if pushed too far."","""""
"Mars,Chiron,opposition,splitting,""Active side vs. wounded side mirrored in others"",""The person encounters their own wounds about initiative, courage and sexuality through partners, colleagues or competitors. Relationships stage conflicts around action and hurt."",""Attraction to injured or over-aggressive people; conflicts that feel disproportionally painful; repeating stories of being “attacked” or “hurting others unintentionally”."",""Staying in abusive dynamics to fix or redeem; chronic guilt around anger; difficulty owning their part in conflict; oscillation between passivity and destructive outbursts."","""""
"Jupiter,Saturn,conjunction,amplification,""Strong focus on structure, growth and long-term achievement"",""Jupiter’s expansion joins Saturn’s structure. The person is naturally oriented to building something solid and meaningful over time. They can combine vision with realism and often feel responsible for making their ideals practical."",""Setting ambitious but concrete goals; respect for rules combined with desire to improve systems; attraction to roles of manager, teacher, strategist; ability to handle large responsibilities."",""Rigid belief systems; workaholic tendencies; fear of failure that pushes into over-control; difficulty relaxing; moralism or dogmatism justified as “being realistic and responsible”."","""""
"Jupiter,Saturn,square,conflict,""Tension between growth impulse and limitation/fear"",""The person feels pulled between wanting to expand and an internal or external brake. Every step forward may awaken doubts, guilt or fear of collapse. This creates strong inner pressure."",""Cycles of ambition and self-sabotage; starting big projects and then stopping due to fear or criticism; conflicts with authorities over vision vs. rules; money or career ups and downs."",""Chronic frustration; pessimism masked as “realism”; missing opportunities due to caution; or, conversely, risky expansion followed by harsh consequences; seeing life as constant test with no joy."","""""
"Jupiter,Saturn,trine,harmonization,""Constructive balance between optimism and realism"",""The person can grow steadily, planning wisely and using resources efficiently. They are good at timing decisions and usually learn from experience rather than repeating mistakes."",""Stable professional development; successful long-term projects; respected authority in chosen field; ability to give grounded advice that is both encouraging and realistic."",""Over-identification with work/status; tendency to take on too much responsibility; difficulty letting go of control; suspicion of spontaneous happiness or “easy success”."","""""
"Jupiter,Saturn,opposition,splitting,""Vision vs. duty polarization"",""One pole pushes for expansion, travel, new knowledge; the other insists on obligations, caution, tradition. People or circumstances often embody opposite forces."",""Living between two worlds (e.g., home vs. abroad, freedom vs. career); important encounters with mentors, bosses, older people that shape beliefs; mid-life course corrections."",""Swinging between excessive risk and excessive caution; blaming external duty for inner fears; stagnation while “waiting for the perfect moment”; bitterness from feeling that life never fully supports either vision or security."","""""
"Jupiter,Uranus,conjunction,amplification,""Rebellious, future-oriented and freedom-loving worldview"",""Jupiter with Uranus amplifies need for independence, innovation and broad horizons. The person has a strong drive to break old paradigms and expand consciousness."",""Interest in science, astrology, progressive movements, technology, metaphysics; sudden flashes of understanding; love of intellectual and physical freedom; global or humanitarian orientation."",""Restlessness; difficulty with routine life; tendency to throw away structures too quickly; ideological fanaticism disguised as “liberation”; rash decisions that disrupt stability."","""""
"Jupiter,Uranus,square,conflict,""Tension between social norms and drive for radical expansion"",""The person often experiences conflict between belonging to society and following their own wild vision. They may rebel against institutions or cultural expectations in dramatic ways."",""Abrupt changes in studies, career or location; clashes with authorities over beliefs or lifestyle; involvement in revolutions, reforms or unconventional communities."",""Extremism; throwing away valuable opportunities out of impatience; chronic dissatisfaction with any system; “all-or-nothing” thinking; tendency to shock rather than persuade."","""""
"Jupiter,Uranus,trine,harmonization,""Creative, inventive and liberating growth style"",""The person easily integrates innovation into life philosophy. They are open to new ideas and experiences without necessarily destroying stability."",""Natural affinity with cutting-edge knowledge; global networks; international or online careers; inspiring others to think outside the box; constructive experimentation."",""Restless search for novelty; difficulty committing to one path long enough to harvest depth; impatience with tradition even when it has value; scattered focus among too many exciting options."","""""
"Jupiter,Uranus,opposition,splitting,""Established beliefs vs. sudden breakthroughs and disruptions"",""The person is pulled between safe, conventional growth and radical change. Encounters with disruptive people or events challenge their worldview and push them to evolve."",""Life-changing travels, studies or shocks; involvement with eccentric teachers or groups; tension between need for freedom and expectations of culture/family."",""Instability in career or ideology; sudden reversals of belief; swinging between conformism and rebellion; blaming “fate” or others for self-generated disruptions."","""""
"Jupiter,Neptune,conjunction,amplification,""Strong idealism, spiritual or mystical orientation"",""Jupiter expanding Neptune creates big dreams, porous boundaries and powerful longing for transcendence. The person may be drawn to religion, spirituality, art or imaginative worlds."",""Faith in higher meaning; attraction to mystical traditions; altruism and compassion; powerful imagination; potential for artistic, spiritual or humanitarian work."",""Escapism; spiritual or ideological inflation (“chosen one” complex); susceptibility to gurus, cults or deceptive schemes; ignoring reality in favor of beautiful narratives; addiction risk."","""""
"Jupiter,Neptune,square,conflict,""Struggle between realistic growth and seductive illusions"",""The person may chase vague promises, grand schemes or spiritual shortcuts. Real-world constraints eventually generate disillusionment, forcing re-evaluation of beliefs."",""Investing in unrealistic projects; following charismatic but unclear leaders; confusion about personal philosophy; idealized visions of future that don’t materialize."",""Chronic disappointment; avoidance of responsibility under cover of “trusting the universe”; spiritual bypassing; mixing fantasy with fact; difficulty distinguishing intuition from wishful thinking."","""""
"Jupiter,Neptune,trine,harmonization,""Inspired, compassionate and imaginative belief system"",""The person naturally fuses philosophical/spiritual views with empathy and imagination. They can inspire others with hopeful, inclusive, symbolic language."",""Interest in art, film, myth, symbolism; involvement in charity or spiritual communities; optimistic vision of human potential; talent for visionary teaching or counseling."",""Naive optimism; reluctance to confront hard truths; glossing over injustice as “karmic”; inability to set realistic limits in service or giving; burnout from over-idealism."","""""
"Jupiter,Neptune,opposition,splitting,""Concrete expansion vs. ocean of faith and fantasy"",""The person alternates between practical growth (career, education, travel) and immersion in spiritual, artistic or escapist realms. Others may embody the idealistic or confusing pole."",""Attraction to dreamy, chaotic or highly spiritual partners and groups; periods of intense devotion followed by skepticism or exhaustion."",""Being swept into collective delusions; losing direction in diffuse ideals; financial or legal problems tied to confusion; crises of faith when illusions collapse; difficulty anchoring visions into reality."","""""
"Jupiter,Pluto,conjunction,amplification,""Intense drive for power, influence and deep transformation"",""Jupiter with Pluto magnifies ambition, depth of research and desire to impact systems. The person is drawn to big-scale change and may wield significant power."",""Interest in politics, finance, psychology, occult; talent for strategic planning; ability to see hidden structures behind institutions; capacity to transform belief systems collectively."",""Power obsession; manipulative use of ideology; extremism; involvement in scandals or ethical conflicts; using knowledge for domination; moral righteousness masking hunger for control."","""""
"Jupiter,Pluto,square,conflict,""Tension between expansion and destructive/compulsive tendencies"",""The person’s drive for more (knowledge, money, impact) often clashes with shadow issues like control, fear or compulsion. Growth may come through crises or losses."",""Risky ventures; tangled power dynamics in professional or ideological contexts; intense confrontations over ethics, law or belief; dramatic falls after periods of success."",""Fanaticism; abuse of influence; self-righteous crusades; “winner takes all” mentality; inability to accept limits; attracting or becoming authoritarian figures; burning bridges at high stakes moments."","""""
"Jupiter,Pluto,trine,harmonization,""Constructive use of deep power and transformative wisdom"",""The person can channel Plutonian intensity into meaningful reforms, healing, or profound research. They may profoundly influence others’ beliefs or large structures."",""Leadership in transformation processes (organizational, political, therapeutic); deep teaching; ability to regenerate after losses; penetrating understanding of collective trends."",""Temptation to subtly manipulate masses or clients; overlooking small-scale ethics “for the greater good”; difficulty accepting ordinary life; attraction to crisis as catalyst."","""""
"Jupiter,Pluto,opposition,splitting,""Personal philosophy vs. external power and collective shadow"",""The person encounters Plutonian forces via society, institutions or powerful individuals that challenge their beliefs. They must integrate personal ethics with reality of power."",""Legal, political or corporate battles; entanglement with intense mentors or enemies; transformative journeys triggered by confrontation with injustice or corruption."",""Projection of all darkness onto “system” while claiming moral high ground; martyr or crusader complexes; dangerous risks in the name of principle; difficulty compromising without feeling betrayed."","""""
"Jupiter,Chiron,conjunction,amplification,""Wound and healing path around beliefs, meaning and growth"",""The person carries sensitivity around education, faith, life purpose or sense of luck. Experiences of disappointment in teachers or systems become raw material for later wisdom."",""Non-standard educational path; questioning of religion or ideology from within; becoming mentor/guide for those disillusioned with traditional frameworks; philosophical healing work."",""Over-identification with role of “seeker who never finds”; cynicism disguised as wisdom; self-sabotage of opportunities due to fear of repeating old pain; rejection of supportive guidance."","""""
"Jupiter,Chiron,square,conflict,""Tension between expansion and unresolved meaning wounds"",""Attempts to grow, travel, study or trust life reactivate pain. The person may both long for and fear big opportunities."",""Starting but not finishing studies; dramatic shifts in worldview; disappointment with gurus, universities, movements; cycles of spiritual enthusiasm and burnout."",""Dogmatic skepticism; mocking others’ faith or idealism; rejecting joy or luck as “naive”; repeating patterns of sabotaging good chances; staying small to avoid another fall from ideal."","""""
"Jupiter,Chiron,trine,harmonization,""Healing integration of wounded faith into mature philosophy"",""The person can transform past disillusionments into a nuanced, compassionate worldview. They are often gifted at teaching, mentoring or counseling around meaning and direction."",""Guiding others through crises of faith or career; bridging different cultures, beliefs or disciplines; tolerant, inclusive approach; sense of humor about human folly."",""Subtle superiority (“I see more than naive believers and rigid skeptics”); neglecting own ongoing healing needs; spreading themselves too thin helping others find purpose."","""""
"Jupiter,Chiron,opposition,splitting,""Personal beliefs vs. wounded others as mirrors"",""The person meets their own philosophical wounds through students, clients or partners who are lost, disappointed or angry at life. Relationships become arenas for meaning work."",""Attraction to people in existential crisis; roles of counselor, coach, teacher; intense discussions about justice, fate, luck and purpose."",""Taking excessive responsibility for others’ path; guilt when they cannot “save” someone; adopting extreme beliefs to compensate inner doubt; oscillation between preaching and despair about the world."","""""
"Saturn,Uranus,conjunction,amplification,""Compressed tension between tradition and revolution"",""Saturn’s need for order and Uranus’ urge for freedom are fused. The person carries inside both the conservative builder and the radical reformer. They are driven to restructure systems in bold but methodical ways."",""Capacity to reform institutions from within; talent for engineering, technology, or structural innovation; attraction to roles that sit between old world and new (change management, modernization)."",""Chronic inner tension; feeling like they never fully belong to either camp (too radical for conservatives, too rigid for rebels); sudden breakdowns of carefully built structures; psychosomatic stress when they resist needed change or leap too fast."","""""
"Saturn,Uranus,square,conflict,""Ongoing clash between stability and abrupt change"",""The desire to keep control collides with sudden impulses to break free. Life often swings between periods of rigid duty and explosive rebellion, both internally and externally."",""Quitting jobs or relationships abruptly after long endurance; conflicts with bosses or systems over rules vs. innovation; highly charged crises around deadlines, regulations, or technological disruptions."",""Living in constant crisis mode; creating accidents or breakdowns when pressure becomes unbearable; sabotaging stability out of fear of stagnation; or clinging to dead structures out of fear of chaos; difficulty relaxing nervous system."","""""
"Saturn,Uranus,trine,harmonization,""Structured innovation and responsible freedom"",""The person can combine reliability with originality. They know how to introduce change gradually and sustainably, building new forms on solid foundations."",""Successful implementation of new technologies or methods in conservative contexts; ability to negotiate between management and innovators; steady progress in unusual careers or lifestyles."",""Subtle arrogance about being “the only adult rebel”; impatience with slower resistors; tendency to underestimate emotional impact of change on others; difficulty doing simple, routine tasks that feel meaningless."","""""
"Saturn,Uranus,opposition,splitting,""Outer authority vs. inner rebel (and vice versa)"",""Authority and rebellion polarize: the person may play one side while encountering the other in people or institutions. They’re pushed to find a middle way between obedience and revolution."",""Relationships with very strict or very unpredictable people; moving between rigid environments and radical subcultures; important life phases marked by sudden, fated-feeling breaks from old structures."",""Projecting all rigidity onto “them” and all wisdom onto “freedom”; making violent breaks instead of gradual transitions; creating enemies out of systems that could be negotiated with; living in oscillation between prison and escape."","""""
"Saturn,Neptune,conjunction,amplification,""Concrete form given to dreams (or fear of dissolving)"",""Saturn’s reality principle and Neptune’s imagination meet. The person can materialize visions, but also struggle with doubt, guilt or confusion about responsibilities and spiritual/creative longings."",""Ability to build spiritual, artistic or charitable projects that actually work; deep sense of duty to invisible realities (soul, collective, ideals); talent for symbolic or contemplative disciplines practiced seriously."",""Tendency toward self-sacrifice; heavy guilt around rest, pleasure or spirituality; depression when ideals seem unreachable; difficulty distinguishing realistic limits from internalized prohibitions; health issues from chronic over-responsibility."","""""
"Saturn,Neptune,square,conflict,""Struggle between harsh reality and longing to escape"",""The person feels torn between practical necessities and a strong urge to avoid, dissolve or idealize. They may deny their sensitivity and then feel victim of circumstances."",""Erratic work patterns; confusion about career direction; disappointment with institutions (church, state, corporations); cycles of over-effort followed by collapse or “vanishing”."",""Victim–martyr narratives; blaming fate or others instead of confronting own avoidance; addiction to work as escape or addiction to fantasies as escape; difficulty trusting either inner visions or outer structures fully."","""""
"Saturn,Neptune,trine,harmonization,""Grounded idealism and disciplined imagination"",""The person can give stable form to Neptunian themes. They can be the “architect of dreams,” building structures for healing, art or spiritual practice that endure."",""Reliable presence in helping professions; long-term artistic or spiritual discipline; capacity to hold space for others’ grief and confusion without losing ground."",""Over-identification with helper/guide role; underestimating personal limits; subtle belief that suffering is necessary to be “deep” or spiritual; guilt when simply enjoying life without “higher purpose”."","""""
"Saturn,Neptune,opposition,splitting,""Concrete duty vs. ocean of ideals and ambiguities"",""The person is pulled between responsibilities and diffuse sensitivities or callings. Often, one side is lived through outer figures: strict authority vs. chaotic or mystical influence."",""Relationships with people who are either very realistic or very dreamy; oscillation between rigid self-control and periods of drift, artistic/spiritual immersion or burnout."",""Projecting all confusion onto others; feeling persecuted by “hard” reality while secretly undermining own stability; susceptibility to manipulation when tired; difficulty integrating both compassion and boundaries."","""""
"Saturn,Pluto,conjunction,amplification,""Heavy, intense and deeply transformative structural power"",""Saturn with Pluto concentrates enormous force. The person is capable of enduring extreme pressures and of reshaping systems at fundamental levels; life often involves karmic-feeling tasks and encounters with power."",""Talent for crisis management, deep restructuring, strategic leadership; ability to survive and rebuild after major losses; attraction to fields dealing with death, taboo, or deep psychology."",""Harshness toward self and others; tendency to become ruthless under stress; control obsessions; fear of vulnerability; attracting or becoming authoritarian, punitive figures; heavy, long-lasting psychological burdens."","""""
"Saturn,Pluto,square,conflict,""Grinding inner pressure around control, survival and duty"",""The person may live with constant sense that something heavy must be carried or fixed. Efforts to maintain control collide with forces of decay or transformation."",""Intense work or life conditions; encounters with corruption, oppression, systemic injustice; compulsive need to stay in difficult situations “until the end”."",""Burnout; chronic stress-related illness; cynicism; perpetuating harsh structures because “that’s reality”; repeating ancestral or collective trauma scripts instead of transforming them; difficulty trusting softness or help."","""""
"Saturn,Pluto,trine,harmonization,""Constructive use of deep will and discipline"",""The person can harness Plutonian power through Saturnian realism. They can build strong frameworks for deep healing, research or structural change."",""Work in psychotherapy, politics, finance, surgery, occult, or large-scale systems; ability to manage crises calmly; role of the “quiet backbone” behind transformative processes."",""Temptation to over-control outcomes; subtle manipulation under guise of responsibility; difficulty delegating; attraction to work that is constantly intense, making everyday peace feel wrong or empty."","""""
"Saturn,Pluto,opposition,splitting,""Personal authority vs. external or collective power struggles"",""The person encounters Plutonian forces in the outside world—powerful bosses, institutions, family systems—and must define their own boundaries and responsibilities in relation to them."",""Life phases marked by confrontations with authority, inheritance of heavy family patterns, or involvement in deep collective processes (e.g., crises at societal scale)."",""Feeling crushed by “destiny” or “system”; going to extremes (total submission vs. total resistance); difficulty finding middle ground between survival and integrity; staying in toxic structures because change seems too dangerous."","""""
"Saturn,Chiron,conjunction,amplification,""Core wound and healing path around duty, failure and authority"",""The person carries deep sensitivity about being good enough, responsible enough, or recognized by authority figures (especially father/teachers). Painful experiences with duty become seeds of later wisdom and guidance."",""Serious attitude toward commitments; attraction to therapeutic/mentoring roles where they support others through shame, guilt or failure; capacity to build healing structures from personal pain."",""Over-identification with being “the one who must carry everything”; feeling fundamentally flawed in work or role; chronic self-criticism; choosing overly harsh environments to replay early wounds."","""""
"Saturn,Chiron,square,conflict,""Tension between inner critic and wounded self"",""Every step toward responsibility or authority may trigger old injuries. The person may either over-perform and self-punish, or avoid structure and feel guilty."",""Patterns of procrastination followed by intense self-blame; difficulty receiving feedback; choosing careers that constantly highlight perceived inadequacies; ambivalent relationship to rules."",""Self-sabotage in professional life; accepting underpaid or thankless roles; becoming their own worst boss; projecting criticism onto others while secretly agreeing with it internally; fear of both success and failure."","""""
"Saturn,Chiron,trine,harmonization,""Mature integration of vulnerability into responsibility"",""The person can weave their wounds about authority and competence into a stable, humane form of leadership. They understand limits and imperfections and can structure healing processes for others."",""Wise teacher, therapist, supervisor or elder; ability to create safe containers with clear boundaries; realistic expectations of self and others; support for people facing shame around work or duty."",""Neglect of their own need for care; living only as “the strong one who understands”; difficulty stepping out of responsible role; mild pessimism about human possibility that can limit joy."","""""
"Saturn,Chiron,opposition,splitting,""Inner authority vs. wounded other (or inner child)"",""The person meets their own wounds around duty, failure and rejection through others who struggle with responsibility or live in chronic shame. Relationships mirror this polarity."",""Attraction to partners, students or colleagues who feel broken, lazy or overburdened; repeating dramas about who carries the load, who is guilty, who is “the adult”."",""Sliding into parent–child dynamics; either over-functioning (doing everything) or under-functioning (collapsing); difficulty sharing responsibility; guilt when they lighten their load; judging others harshly for failures that mirror their own fears."","""""
"Uranus,Neptune,conjunction,amplification,""Collective pattern of mystical revolution and altered perception"",""Uranus and Neptune together electrify the imagination and open channels to unconventional spirituality, art and states of consciousness. On a personal level (when tightly aspecting angles/planets) it indicates a life strongly tuned to subtle shifts in the collective field and sudden awakenings."",""Interest in esoterics, astrology, altered states, visionary art, progressive spiritual movements; flashes of insight that feel like downloads; strong attraction to communities experimenting with consciousness."",""Difficulty grounding; confusion between genuine insight and escapist fantasies; susceptibility to group illusions; nervous system overload from too much subtle stimulation; sudden swings between hyper-visionary and totally disoriented states."","""""
"Uranus,Neptune,square,conflict,""Tension between rational liberation and diffuse spiritual longings"",""The urge to break free clashes with vague ideals, fears or illusions. Attempts at radical change can dissolve into chaos, while attempts at mysticism can become restless and agitated."",""Jumping from one spiritual/ideological system to another; unpredictable phases of faith and skepticism; involvement in odd or unstable communities; emotional chaos around freedom and meaning."",""Spiritual or ideological crises; paranoia, conspiracy thinking; addiction to dramatic revelations; difficulty distinguishing intuition from anxiety; destabilizing life changes that lack clear direction."","""""
"Uranus,Neptune,trine,harmonization,""Fluid integration of intuition, inspiration and innovation"",""The person can channel subtle perceptions into creative, technological or spiritual innovation. They are receptive to new forms of art, healing and collective vision."",""Participation in progressive cultural or spiritual movements; talent for blending tech with art or spirituality; natural understanding of symbolism and synchronicity; ease in adapting to collective shifts."",""Living mostly in the future or in abstract realms; difficulty caring about ordinary practicalities; subtle detachment from embodiment; tendency to float from inspiration to inspiration without full manifestation."","""""
"Uranus,Neptune,opposition,splitting,""Conscious rebel vs. oceanic unconscious forces"",""The person experiences polarity between the clear drive for freedom and diffuse undercurrents of longing, confusion or collective tides. Others, or the social field itself, embody one of the poles."",""Attraction to charismatic but chaotic movements; sharp breaks from previous belief systems; life phases of extreme rational rebellion followed by surrender into mystical or chaotic experiences."",""Feeling pushed around by invisible forces; difficulty trusting either rational insight or mystical experience fully; swinging between cold detachment and total dissolution; risk of radicalization then disillusionment."","""""
"Uranus,Pluto,conjunction,amplification,""Explosive drive for deep transformation and radical change"",""Uranus and Pluto together signify volcanic revolutionary energy. Personally, when strongly connected, the chart-holder can be a catalyst for intense systemic change, breaking taboos and restructuring power dynamics."",""Involvement in political, technological or social revolutions; attraction to taboo-breaking ideas; ability to endure extreme transitions; relentless search for authenticity and liberation."",""Destructive rebellion; obsession with overturning everything; disruptive behavior that burns bridges; dangerous risk-taking in the name of freedom; difficulty respecting any limits, including healthy ones."","""""
"Uranus,Pluto,square,conflict,""Grinding tension between explosive freedom and ruthless transformation"",""The person is wired for inner and outer crises that force radical change. Long periods of pressure may culminate in dramatic breaks or confrontations with power."",""Sudden upheavals in career, relationships, place of living; conflicts with strong-willed groups or institutions; attraction to intense, edgy subcultures; periodic “life overhauls”."",""Living in perpetual crisis; compulsive need to shock or destroy structures; involvement in dangerous situations; inability to tolerate stability; potential for extremism or flirtation with destructive ideologies."","""""
"Uranus,Pluto,trine,harmonization,""Constructive revolutionary force and deep renewal"",""The person can channel very strong transformative energy into meaningful reform without necessarily destroying everything. They sense when a system is ripe for change and how to introduce it strategically."",""Roles in reforming organizations, sciences, technologies or power structures; backstage influence in big transitions; capacity to move through personal crises with relative resilience."",""Temptation to push others into change before they are ready; subtle power games justified as “liberation”; inability to stay in environments that need maintenance rather than transformation; boredom with peace."","""""
"Uranus,Pluto,opposition,splitting,""Individual freedom vs. massive external forces of change"",""The person encounters Plutonian power and Uranian revolt as polarized themes, often through generational, political or institutional conflicts. They learn about their own radical potential through opposition from or collaboration with powerful groups."",""Life marked by historical or large-scale transitions; intense experiences with collectives, corporations, nations or movements; sudden confrontations with corruption and the need to choose a side."",""Projection of all oppression onto “others” and all purity onto “rebellion”; dangerous us-vs-them mentality; living in perpetual war with systems; difficulty building anything stable after overthrowing what was."","""""
"Uranus,Chiron,conjunction,amplification,""Core wound and healing path around difference and freedom"",""The person is deeply sensitive about being different, odd or ahead of time. Experiences of exclusion or shock around authenticity and independence can later become a gift for guiding others through awakening and individuation."",""Attraction to alternative lifestyles and healing methods; involvement in communities of outsiders; ability to normalize eccentricity; role as bridge between conventional and unconventional worlds."",""Over-identification with outsider identity; compulsive need to be unique; sabotaging belonging to avoid rejection; nervous system strain from repeated shocks; difficulty accepting ordinary human needs."","""""
"Uranus,Chiron,square,conflict,""Tension between need for authenticity and wounds of rejection"",""Every attempt to be free may stir memories of rejection, while conformity feels suffocating. The nervous system can oscillate between numbness and high voltage."",""Sudden breaks from groups or friendships; provocative behavior followed by regret; crises around friendship, community or political ideals; attraction to wounded rebels or rebellious healers."",""Self-sabotage in communities; becoming the perpetual “difficult one”; rejecting help because it feels like control; adopting extreme positions to avoid deeper vulnerability about feeling different."","""""
"Uranus,Chiron,trine,harmonization,""Healing originality and liberating wisdom"",""The person can integrate their uniqueness into a coherent path of service. Their own quirks and shocks become tools for liberating others from rigid patterns."",""Innovative healing approaches; working with trauma, neurodivergence, or outsiders; helping others accept their uniqueness; mentoring in transitions and awakenings."",""Neglecting own need for grounding; living primarily in mental/energetic realms; impatience with those who move slower; subtle superiority about being “more awakened” or “more free”."","""""
"Uranus,Chiron,opposition,splitting,""Free spirit vs. wounded other as mirror"",""The person meets their own wound around freedom through people who are restricted, traumatized, or radically different. Relationships highlight themes of autonomy, shock and healing."",""Partnerships with eccentric, traumatized or activist figures; involvement in group crises; oscillation between closeness and sudden distancing for fear of being trapped or hurting others."",""Stepping into savior or provocateur roles rather than equal partner; destabilizing others in the name of liberation; difficulty finding stable community; guilt about leaving or changing too fast."","""""
"Neptune,Pluto,conjunction,amplification,""Collective pattern of deep spiritual/psychological transformation"",""Neptune with Pluto indicates an era-level signature of profound shifts in spirituality, psychology and collective imagination. Personally, when tied tightly to personal factors, it brings intense sensitivity to collective shadow and redemption themes."",""Interest in depth psychology, mysticism, occult, film, collective healing; strong intuition about hidden currents in society; capacity to perceive archetypal patterns behind personal stories."",""Overwhelm by collective suffering; blurred boundaries between personal and transpersonal pain; fascination with dark or extreme spiritual themes; vulnerability to cultic or manipulative leaders; escapism into fantasies of apocalypse or salvation."","""""
"Neptune,Pluto,square,conflict,""Tension between idealization and raw confrontation with shadow"",""Spiritual or romanticized images collide with harsh realities of power, death, taboo and survival. Disillusionment can be profound but ultimately transformative."",""Involvement in communities or relationships that turn out to be toxic; crises of faith; intense dreams and symbolic experiences around death, betrayal, redemption; oscillation between blind trust and radical skepticism."",""Addictions, obsessions, or secret lives; spiritual bypassing of trauma; attraction to destructive ideologies or savior figures; staying in abusive/chaotic environments due to fantasies of transformation."","""""
"Neptune,Pluto,trine,harmonization,""Deep intuitive access to transformative and healing forces"",""The person can sense and work with subtle deep layers of psyche and collective. They may be drawn to sacred, magical or therapeutic spaces where profound change happens."",""Roles as healer, artist, ritualist, therapist, shamanic or liminal worker; using art or symbolism to process trauma; supporting others through long, deep transformation."",""Difficulty maintaining ordinary boundaries; tendency to merge with others’ pain; difficulty living a “normal” life; suspicion of simplicity; attraction to intense experiences as proof of depth."","""""
"Neptune,Pluto,opposition,splitting,""Dream of redemption vs. brutal encounter with reality and shadow"",""The person is pulled between Neptunian longing for dissolution in the divine or ideal and Plutonian demands of facing power, fear and mortality. Others often embody one of these poles."",""Relationships with very spiritual yet avoidant people or with highly intense, controlling figures; dramatic shifts between mystical immersion and raw survival struggles."",""Extreme idealization then demonization; life built around narratives of good vs. evil; spiritual or psychological extremism; difficulty integrating compassion with clear-eyed view of shadow in self and others."","""""
"Neptune,Chiron,conjunction,amplification,""Core wound and healing path around faith, compassion and merging"",""The person is deeply sensitive to suffering—personal and collective. Experiences of betrayal, loss of faith, or confusion about unconditional love form the core of their healing journey."",""Attraction to spiritual, artistic, therapeutic paths; strong empathy; potential for subtle healing work (energy, art, presence); desire to embody unconditional acceptance."",""Self-sacrifice to the point of self-erasure; victim–savior loops; addiction or escapism to avoid unbearable feelings; difficulty saying no; guilt when setting boundaries; confusion about where they end and others begin."","""""
"Neptune,Chiron,square,conflict,""Tension between idealized love/spirit and wounded reality"",""Attempts to live in unconditional love, spiritual purity or artistic inspiration constantly rub against unhealed pain. The person may oscillate between idealization and collapse."",""Falling for unavailable or suffering individuals; devotion to causes or teachers that later disappoint; phases of intense spiritual enthusiasm followed by deep disillusionment."",""Disappearing into fantasy; using substances or romantic illusions to numb wounds; chronic disappointment in self and others; feeling doomed to never experience “true” spiritual or emotional fulfillment."","""""
"Neptune,Chiron,trine,harmonization,""Compassionate, subtle and spiritually oriented healing capacity"",""The person can gently integrate their wounds about faith, love and sensitivity into a path of service. They understand human fragility and can transmit hope through soft presence and symbolic language."",""Artistic or spiritual healing roles; work with grief, addiction, trauma; ability to hold non-judgmental space; intuitive guidance through dreams, images, music."",""Overextension in helping roles; difficulty protecting own energy; tendency to avoid clear, direct communication to stay “kind”; feeling responsible for others’ salvation; fatigue from chronic over-empathy."","""""
"Neptune,Chiron,opposition,splitting,""Longing for transcendence vs. wounded other as mirror"",""The person meets their own broken ideals through people who are lost, addicted, deluded or deeply hurt. Relationships become arenas where illusions and wounds meet and ask for clarity."",""Drawn to rescuing or being rescued; involvement in environments with strong spiritual or artistic aura and underlying dysfunction; powerful mirroring through suffering of loved ones or clients."",""Losing self in others’ chaos; enabling addiction or escapism; clinging to fantasies of saving someone; refusing to look at own part in dynamics; sense of martyrdom when reality fails to match dreams."","""""
"Pluto,Chiron,conjunction,amplification,""Core wound and healing path around power, trauma and deep transformation"",""The person carries intense themes of survival, taboo, loss, and regeneration. Personal and ancestral trauma, if worked through, become sources of profound healing wisdom and catalytic presence."",""Attraction to depth psychology, trauma work, shamanic paths, crisis intervention; capacity to sit with extreme experiences; potential to guide others through dark nights of the soul."",""Risk of re-traumatization; obsession with pain; identifying wholly with wounded identity; involvement in destructive relationships or environments; difficulty trusting softness and safety."","""""
"Pluto,Chiron,square,conflict,""Grinding tension between hidden wounds and compulsive transformation"",""The person is repeatedly pushed into situations that re-open deep wounds until they engage healing consciously. Power struggles, trauma and crises are frequent catalysts."",""Intense relational or familial dramas; somatic symptoms linked to old trauma; attraction to “broken but powerful” people; cycles of loss and regeneration."",""Self-destructive patterns; revenge fantasies; controlling behavior as protection; difficulty forgiving; staying in toxic dynamics because they fear emptiness more than pain; distrust of any healing that doesn’t feel extreme."","""""
"Pluto,Chiron,trine,harmonization,""Alchemical integration of shadow and wounded wisdom"",""The person can access deep reservoirs of resilience and insight about human pain. They can facilitate powerful transformations in others with relatively light personal cost (once their own core work is done)."",""Work as therapist, healer, coach, crisis guide; skill in working with taboo topics (sex, death, shame); capacity to witness intense processes without flinching."",""Temptation to “dig too deep” unnecessarily; taking people further into pain than needed; subtle pride in surviving more than others; difficulty relaxing into simple joy outside of healing or crisis contexts."","""""
"Pluto,Chiron,opposition,splitting,""Power/shadow vs. wounded other (or inner child)"",""The person meets Plutonian power and darkness through individuals or systems that wound them or ask them to confront deep fears. Relationships dramatize themes of hurt and regeneration."",""Encounters with powerful, intense, sometimes abusive figures; involvement in systems where trauma is central (medicine, law, war, social work); repeated patterns of being both hurt and healer."",""Oscillation between victim and controller; getting stuck in trauma narratives; difficulty believing healing is truly possible; magnetizing extreme situations; fear of losing identity if they fully release old wounds."","""""