"planet,sign,summary,detailed_description,strengths,risks,defense_mechanisms,created_at"
"Sun,""Aries"",""A direct, pioneering ego that needs to act first and lead through initiative and courage."",""The Sun in Aries creates an identity built around action and the right to be first. Such a person discovers who they are through movement, challenge and confrontation with reality. They feel alive when they can start something, take risks and test their will against obstacles. Recognition is sought through bravery and straightforwardness: “I am the one who dared.” When developed, this position gives a warm, honest leader who inspires by example and is not afraid to take responsibility for the first step."",""courage; initiative; pioneering spirit; ability to mobilize quickly; straightforwardness; natural leadership in crises; capacity to cut through hesitation"",""impulsivity; impatience; acting before thinking; tendency to burn out; aggression when blocked; difficulty considering others' needs; low tolerance for long, slow processes"",""acting out (doing instead of feeling); attacking first to avoid feeling weak; anger as a shield against vulnerability; devaluation of doubt and hesitation in self and others; denial of dependency"","""""
"Sun,""Taurus"",""A grounded, steady ego that builds identity through stability, resources and tangible results."",""The Sun in Taurus forms a self-image rooted in endurance, material security and comfort. This person recognizes themselves through what they own, create and can rely on. They prefer predictable rhythms and gradual progress and feel most alive when they can enjoy the fruits of their efforts with all senses engaged. When mature, they embody reliability, practical wisdom and the ability to stabilize others."",""stability; persistence; patience; practicality; sensuality; ability to build and preserve; loyalty; sense of value"",""stubbornness; inertia; resistance to change; attachment to comfort and possessions; possessiveness; fear of loss; tendency to stay in dead situations"",""passive resistance; digging in and doing nothing; clinging to routines; somatization through tension in body; rationalizing inertia as “prudence”"","""""
"Sun,""Gemini"",""A curious, mobile ego that defines itself through ideas, communication and variety of experiences."",""The Sun in Gemini builds identity around mental agility and exchange of information. The person feels alive when learning, talking, connecting and playing with concepts. They tend to try on different roles, observing themselves and others from many angles. Life task is to integrate variety into a coherent sense of self, without losing lightness and humor."",""curiosity; adaptability; wit; sociability; versatility; ability to connect people and ideas; quick learning"",""superficiality; restlessness; difficulty committing; scattering energy; talking instead of doing; emotional detachment"",""intellectualization of feelings; joking everything away; constant switching to avoid depth; overexplaining instead of admitting confusion or pain; gossip as displacement"","""""
"Sun,""Cancer"",""A sensitive, protective ego that defines itself through emotional ties, family and continuity of the past."",""The Sun in Cancer forms identity around belonging, care and emotional safety. The person experiences themselves most vividly in the role of caretaker, family member, guardian of traditions. They are guided by moods and subtle feelings and need a sense of “home” to shine fully. The life path often includes building their own emotional foundation and healing family stories."",""empathy; care; loyalty; strong memory; intuition; ability to create a sense of home; capacity for emotional support"",""over-sensitivity; moodiness; clinging to the past; dependence on approval of close ones; indirectness; avoidance of confrontation"",""withdrawal into shell; silent resentment; emotional blackmail (“I suffer, so you must…”); regression into child role; idealization of family followed by disappointment"","""""
"Sun,""Leo"",""A proud, radiant ego that needs to express uniqueness and be seen at the center of events."",""The Sun rules Leo, so here the identity is strongly focused on self-expression, creativity and recognition. The person feels alive on a symbolic stage: in leadership, performance, or any situation where they can shine and be appreciated. Their task is to learn to radiate from the heart, not from wounded vanity. In a healthy form, this is a generous, warm-hearted leader with a strong sense of dignity."",""creativity; charisma; generosity; courage; dramatic flair; leadership; ability to inspire and protect"",""vanity; egocentrism; melodrama; hunger for constant admiration; rigid pride; intolerance of criticism"",""theatrical behavior to hide insecurity; exaggeration of achievements; devaluation of others’ successes; refusal to show vulnerability; dominance as protection from shame"","""""
"Sun,""Virgo"",""A practical, self-critical ego that builds identity through usefulness, work and improvement."",""The Sun in Virgo makes a person define themselves through what they do, how well they do it and how useful they are. Attention is drawn to details, flaws and ways to make things better. Life mission includes learning healthy discernment, service and humility without falling into self-negation. When developed, this is a modest but highly competent person, often indispensable in their field."",""precision; diligence; reliability; analytical thinking; realistic self-assessment; willingness to serve; craftsmanship"",""perfectionism; chronic dissatisfaction with self and others; overthinking; nitpicking; difficulties resting; low self-worth masked by criticism"",""overwork to avoid feelings; compulsive fixing of others; self-deprecation before someone else can criticize; somatization through stress-related ailments; control through routines"","""""
"Sun,""Libra"",""A relational ego that defines itself through partnership, harmony and aesthetic balance."",""The Sun in Libra gives an identity that is strongly tied to “we” rather than just “I”. The person experiences themselves through relationships, cooperation and feedback from others. They are sensitive to imbalance, injustice and dissonance and feel called to harmonize situations. Task is to find a solid inner center so that the search for harmony does not become loss of self."",""diplomacy; fairness; ability to see both sides; sense of style and beauty; social intelligence; talent for mediation"",""indecision; dependence on others’ opinions; fear of conflict; people-pleasing; passive aggression when overloaded"",""avoidance of direct statements; agreeing outwardly while resenting inwardly; rationalization of passivity as “keeping peace”; idealization of partner as carrier of own disowned will"","""""
"Sun,""Scorpio"",""An intense, deep ego that discovers itself through crises, passion and confrontation with truth."",""The Sun in Scorpio forms identity around depth, emotional honesty and transformative power. This person feels alive where something real and strong is at stake: in intimacy, investigation, struggle with inner demons. They are drawn to what is forbidden or hidden, needing to get to the bottom of things. Their path is to learn to wield power and intensity without destroying themselves or others."",""intensity; loyalty; psychological insight; resilience; capacity for deep commitment; transformative influence"",""jealousy; obsession; vindictiveness; secrecy; all-or-nothing attitudes; self-destructiveness"",""testing others’ loyalty; provoking crises to feel alive; clinging to grudges; controlling behavior to avoid feeling vulnerable; emotional blackmail"","""""
"Sun,""Sagittarius"",""An expansive ego that defines itself through growth, exploration and search for higher meaning."",""The Sun in Sagittarius makes a person feel most themselves when they can travel (literally or mentally), broaden horizons and share ideas. They need to believe in something larger than everyday life and see their path as a journey. If integrated, they radiate enthusiasm, hope and philosophical humor; if not, they preach more than they practice."",""optimism; vision; love of freedom; generosity; sense of humor; ability to inspire with ideas; faith in possibilities"",""exaggeration; dogmatism; preaching; avoidance of details and responsibilities; escapism under the banner of “search for truth”"",""rationalization of irresponsibility as “following my path”; inflation (“I know better than others”); running away geographically instead of solving problems; masking fear with excessive enthusiasm"","""""
"Sun,""Capricorn"",""A disciplined, goal-oriented ego that builds identity through achievement, status and responsibility."",""The Sun in Capricorn creates a self-image focused on results, structure and long-term goals. This person tends to take life seriously from early on, often feeling older than their peers. They measure themselves through what they have built and endured. The task is to develop inner authority without turning into a harsh inner tyrant."",""persistence; reliability; strategic thinking; sense of duty; organizational talent; ability to work long and hard; realism"",""rigidity; pessimism; emotional distance; workaholism; fear of weakness; tendency to define worth only through success"",""overcontrol; suppression of feelings; self-criticism instead of self-support; withdrawal into work when relationships are difficult; cynicism as a shield against disappointment"","""""
"Sun,""Aquarius"",""An independent, future-oriented ego that defines itself through uniqueness, ideas and belonging to a group of like-minded people."",""The Sun in Aquarius gives identity based on difference: “I am myself because I am not like everyone else.” The person feels alive when they can experiment, think freely, question norms and contribute to something progressive or humanitarian. They often oscillate between need for community and need for radical autonomy. Task is to balance head and heart, individuality and friendship."",""originality; openness to new; social idealism; ability to see systems; friendliness; talent for networking and innovation"",""emotional detachment; contrarianism for its own sake; unpredictability; difficulty with routine and obligations; fear of intimacy"",""distancing through irony; escaping into ideas and causes to avoid personal vulnerability; breaking ties suddenly; framing emotional needs as “irrational”"","""""
"Sun,""Pisces"",""A sensitive, imaginative ego that defines itself through subtle feelings, visions and connection with something greater."",""The Sun in Pisces forms identity around permeability, compassion and capacity to dream. The person feels most themselves in states of inspiration, empathy and surrender. They can easily tune into others and the collective mood, but risk losing their own contours. The life path includes learning healthy boundaries while keeping an open heart."",""empathy; imagination; spiritual sensitivity; creativity; gentleness; ability to understand without words"",""confusion about identity; escapism; victim mentality; difficulty with practical matters; susceptibility to illusions and manipulation"",""avoidance through fantasy, sleep, substances or media; playing the helpless one; idealizing others to avoid seeing reality; martyrdom to gain love or meaning"","""""
"Moon,""Aries"",""An impulsive, fiery emotional nature that reacts quickly and directly."",""The Moon in Aries gives fast, straightforward emotional responses. Feelings arise suddenly and just as quickly can burn out. This person needs the freedom to react and move; they do not tolerate emotional stagnation. They often feel better after action than after reflection. Learning includes acknowledging vulnerability behind anger and developing patience with slower people."",""emotional courage; spontaneity; honesty of reactions; ability to mobilize under stress; capacity to defend loved ones"",""irritability; low frustration tolerance; emotional outbursts; tendency to start conflicts; difficulty listening when upset"",""explosive anger instead of sharing hurt; picking fights to discharge tension; denying fear and neediness; framing others as “weak” to avoid own softness"","""""
"Moon,""Taurus"",""A calm, earthy emotional nature that seeks stability, comfort and predictability."",""The Moon in Taurus feels best in familiar, pleasant surroundings, with reliable routines and tangible pleasures. Emotions move slowly and deepen over time; attachments are strong and long-lasting. This position often gives natural sensuality and a practical caring style. The challenge is dealing with change and not using comfort as the only answer to emotional discomfort."",""emotional steadiness; loyalty; capacity to create a cozy, nourishing atmosphere; sensuality; patience with others"",""stubbornness; possessiveness; emotional inertia; resistance to needed change; tendency to soothe everything with food, things or habits"",""clinging to routines and relationships past their time; emotional eating or shopping; denial of problems as long as comfort is preserved; refusing to discuss feelings to avoid disturbance"","""""
"Moon,""Gemini"",""A quick, mentally colored emotional nature that processes feelings through words and ideas."",""The Moon in Gemini tends to think about feelings rather than fully sink into them. Emotions are changeable and strongly influenced by information, conversations and environment. There is a need to talk, share, ask and understand. When developed, this gives emotional flexibility and humor; when not, a sense of inner fragmentation and restlessness."",""emotional adaptability; curiosity about one's own and others' feelings; ability to verbalize experiences; lightness; sense of humor"",""superficial approach to deep issues; inconsistency; nervousness; over-talking instead of feeling; fear of silence"",""rationalization of emotions; joking away pain; constant switching of topics; seeking new stimuli to avoid inner emptiness; gossip as a way to discharge tension"","""""
"Moon,""Cancer"",""A deeply sensitive, nurturing emotional nature with strong attachment to home and family."",""The Moon rules Cancer, so here emotions are strong, rich and very personal. Safety is linked to family, roots and familiar surroundings. This person instinctively cares for others, often putting their needs first. The life lesson is to care without dissolving and to heal ancestral patterns instead of repeating them. There is strong memory for emotional details."",""empathy; care; emotional depth; intuition; loyalty to family; capacity to create a sense of belonging"",""moodiness; dependence on others’ reactions; clinginess; difficulty letting go of the past; susceptibility to guilt and manipulation"",""retreat into shell; passive-aggressive silence; clinging to family roles; idealizing the past; using illness or weakness to keep attention and care"","""""
"Moon,""Leo"",""A proud, dramatic emotional nature that needs recognition and heartfelt connection."",""The Moon in Leo seeks emotional warmth, admiration and a sense of being special to someone. Feelings are expressed vividly, sometimes theatrically. There is a strong need to be loved for who one is and to be at the center of close people's attention. Task is to balance the need for applause with real intimacy and the ability to see others' needs too."",""warmth; generosity; playfulness; loyalty; ability to uplift others emotionally; creativity in expressing feelings"",""need for constant validation; dramatization; hurt pride; jealousy; difficulty accepting ordinary, quiet love"",""dramatic displays (tears, scenes) to get reassurance; exaggerating slights; withdrawing warmth when not admired; turning vulnerability into performance"","""""
"Moon,""Virgo"",""A careful, analytical emotional nature that seeks order, clarity and usefulness."",""The Moon in Virgo tends to analyze feelings, looking for causes and solutions. Emotional security is linked to routines, control over details and being helpful. This position can give a caring, practical approach to loved ones, but also anxiety and self-criticism. Lesson is to allow imperfection and rest, and to accept that not all feelings can be fixed."",""reliability; attentiveness; readiness to help; ability to take care of practical needs; modesty"",""worrying; overanalysis; self-criticism; difficulty relaxing; focus on flaws in self and others; emotional dryness"",""overworking to avoid anxiety; obsessing over small things instead of facing big feelings; somatic complaints; controlling routines to avoid uncertainty; criticizing instead of asking for support"","""""
"Moon,""Libra"",""A relational emotional nature that needs harmony, beauty and balanced connection."",""The Moon in Libra feels emotions strongly through relationships and atmosphere. Inner state depends on whether there is peace or conflict, fairness or injustice around them. There is a strong need for pleasant surroundings and respectful interactions. Task is to learn to own personal feelings instead of mirroring others all the time."",""tact; diplomacy; aesthetic sensitivity; ability to sense others' needs; desire for fairness; capacity to soothe conflicts"",""indecisiveness; dependence on others’ moods; fear of loneliness; avoidance of confrontation; people-pleasing at own expense"",""saying “yes” while meaning “no”; smoothing everything over externally; suppressing anger until it leaks out indirectly; idealizing partner to avoid facing inner emptiness"","""""
"Moon,""Scorpio"",""An intense, passionate emotional nature with a need for depth, loyalty and transformation."",""The Moon in Scorpio experiences feelings in an all-or-nothing way. Emotional states are strong, often secret, and tied to themes of power, trust, betrayal and merging. There is a need to test bonds and see how far intimacy can go. This can give profound emotional insight, but also jealousy and fear of abandonment. Lesson is to transform possessiveness into conscious intimacy."",""emotional depth; loyalty; capacity for total commitment; psychological insight; resilience in crises"",""jealousy; suspicion; desire to control; emotional extremes; difficulty forgiving; tendency to hold grudges"",""testing loved ones; provoking drama to feel intensity; holding onto pain as power; hiding vulnerability behind hardness or sarcasm; manipulation through silence or sex"","""""
"Moon,""Sagittarius"",""An enthusiastic, restless emotional nature that seeks freedom, meaning and positive horizons."",""The Moon in Sagittarius feels best when there is room to move, explore and believe in something. Emotions are tied to ideals, philosophies and big plans. This person may minimize problems with humor or optimism, sometimes skipping over necessary emotional work. Lesson is to integrate sincerity about pain with faith and hope."",""optimism; enthusiasm; sense of humor; emotional generosity; interest in different cultures and ideas"",""restlessness; intolerance of limits; tendency to gloss over difficulties; tactless emotional honesty; avoidance of intimacy that feels “heavy”"",""joking away pain; escaping into travel, studies or adventures; turning feelings into abstract theories; promising more than can be delivered; moralizing instead of listening"","""""
"Moon,""Capricorn"",""A controlled, serious emotional nature that seeks structure, reliability and respect."",""The Moon in Capricorn often grows up early, learning to hold emotions in and be responsible. Feelings are filtered through practicality and duty. Security is linked to work, status and clear rules. This can create inner loneliness and difficulty asking for help. Life task is to soften, allow vulnerability and find safe structures where feelings can exist."",""self-discipline; reliability; ability to stay calm in crisis; sense of responsibility for loved ones; endurance"",""emotional inhibition; pessimism; fear of dependence; difficulty expressing needs; tendency to see care as weakness"",""emotional withdrawal; working instead of feeling; strict self-judgment; minimizing own needs; using sarcasm or coldness to keep others at distance"","""""
"Moon,""Aquarius"",""A detached, mentally colored emotional nature that values freedom, friendship and equality."",""The Moon in Aquarius experiences feelings through the lens of ideas and group dynamics. There is a need for space, unconventional connections and intellectual companionship. Emotions may be surprising, irregular, but observed more than felt. Lesson is to connect head and heart and honour both personal uniqueness and human closeness."",""objectivity; tolerance for differences; friendliness; ability to support friends; openness to experiments in lifestyle and relationships"",""emotional distance; unpredictability; fear of dependency; difficulty with intimate one-on-one vulnerability; tendency to stay “above” feelings"",""retreat into theories and causes; joking or rationalizing intense emotions; suddenly cutting ties; framing needs as “irrational”; staying in group context to avoid deep dyadic intimacy"","""""
"Moon,""Pisces"",""A highly sensitive, permeable emotional nature that absorbs moods and needs of the environment."",""The Moon in Pisces feels everything deeply and often non-verbally. Boundaries between own and others’ emotions are thin. There is a strong need for tenderness, compassion, beauty and spiritual connection. This position can give great kindness and artistic talent but also confusion and escapism. Lesson is to build gentle boundaries and practice grounded self-care."",""empathy; compassion; imagination; intuitive understanding; capacity for unconditional acceptance; musical or artistic sensitivity"",""emotional overwhelm; victim role; difficulty saying no; idealization; susceptibility to manipulation; tendency to flee reality"",""withdrawal into dreams, fantasies, substances or spiritual bypassing; self-sacrifice to earn love; playing the misunderstood or martyr; avoiding clear decisions to escape responsibility for feelings"","""""
"Mercury,""Aries"",""A fast, direct mind that thinks in impulses and acts on first ideas."",""Mercury in Aries gives a thinking style that is quick, spontaneous and oriented toward immediate decisions. The person prefers short, clear messages and may be impatient with long explanations. They grasp the essence rapidly and are willing to speak first, ask later. When developed, this brings courage in communication and the ability to energize discussions and cut through confusion."",""decisiveness; mental courage; ability to initiate conversations; quick understanding of main points; straightforward speech"",""impatience; verbal aggression; jumping to conclusions; poor listening; difficulty reconsidering opinions"",""arguing instead of reflecting; interrupting to assert own view; sharp words used as a weapon; dismissing nuance as weakness; overconfidence in first impression"","""""
"Mercury,""Taurus"",""A slow, concrete mind that prefers practical, stable ideas and proven facts."",""Mercury in Taurus processes information carefully and methodically. The person likes clear, tangible examples and is suspicious of theories that lack obvious real-world value. Once an opinion is formed, it changes slowly. When mature, this placement gives common sense, reliability in decision-making and the ability to build knowledge step by step."",""practical thinking; patience; persistence in study; sense for what is realistic; stable opinions; good memory for concrete details"",""rigidity; narrow-mindedness; resistance to new ideas; intellectual laziness; literalism"",""stonewalling in discussions; repeating same arguments; ignoring subtle or emotional content; refusing to consider alternative viewpoints under the guise of being practical"","""""
"Mercury,""Gemini"",""A lively, changeable mind that thrives on information, variety and mental exchange."",""Mercury rules Gemini, so here the intellect is quick, flexible and curious. The person likes to ask questions, collect facts and share stories. They may juggle several topics at once and enjoy wordplay. When integrated, this brings talent for communication, learning and connecting people and ideas."",""curiosity; versatility; quick learning; witty speech; networking skills; ability to see multiple options"",""superficiality; scattered attention; inconsistency; gossip; difficulty focusing on one task long enough"",""talking instead of acting; switching topics to avoid emotional depth; multitasking as escape from anxiety; using humor to deflect serious issues"","""""
"Mercury,""Cancer"",""A feeling-based mind that thinks in images, memories and emotional associations."",""Mercury in Cancer blends thought with emotion. The person remembers personal stories vividly and often reasons from their own or family history. Communication tends to be caring, indirect and sensitive to tone. When healthy, this gives emotional intelligence in speech and the ability to sense unsaid nuances."",""good memory; empathic listening; intuitive understanding of others; talent for storytelling; protective communication style"",""subjectivity; mood-dependent thinking; defensiveness; difficulty separating facts from feelings"",""taking neutral comments personally; retreating into silence; bringing up old hurts in arguments; justifying irrational reactions through emotional logic"","""""
"Mercury,""Leo"",""A proud, expressive mind that wants to shine and impress through words."",""Mercury in Leo thinks in big strokes and enjoys dramatic or creative expression. The person likes to tell stories, exaggerate for effect and speak with confidence. They prefer topics that allow them to show their uniqueness. When developed, this placement brings persuasive power and the ability to inspire through speech."",""charisma in communication; creative thinking; storytelling talent; confidence; ability to motivate others verbally"",""egocentrism; difficulty listening; stubborn opinions; theatrical presentation that hides insecurity"",""turning conversations into monologues; ignoring feedback; taking disagreement as personal insult; dramatizing instead of clarifying"","""""
"Mercury,""Virgo"",""A precise, analytical mind that seeks clarity, order and practical usefulness."",""Mercury in Virgo focuses on details, structures and how things work. The person tends to break down complex topics into components, noticing inconsistencies and errors. They think in step-by-step sequences and prefer clear definitions. When balanced, this brings strong problem-solving abilities and high intellectual reliability."",""attention to detail; analytical skills; critical thinking; practicality; ability to systematize; careful choice of words"",""over-analysis; perfectionism; nitpicking; anxiety; tendency to reduce everything to problems to be fixed"",""endless re-checking; focusing on flaws to avoid feelings; criticism as protection; getting lost in minor details to avoid big decisions"","""""
"Mercury,""Libra"",""A diplomatic, comparative mind that seeks balance, fairness and shared understanding."",""Mercury in Libra weighs pros and cons and is sensitive to other people's viewpoints. The person prefers polite, well-structured dialogue and tries to avoid harsh statements. They are good at seeing both sides of a situation. When mature, this gives negotiating talent and the ability to articulate complex relational issues."",""objectivity; tact; ability to mediate; sense of proportion; aesthetic sense in expression; capacity to find common ground"",""indecision; dependence on others' opinions; fear of saying something unpopular; tendency to smooth over real conflicts"",""vague language to avoid disagreement; mirroring others instead of stating own view; postponing decisions; pleasing through agreement then feeling resentful"","""""
"Mercury,""Scorpio"",""A penetrating, investigative mind that looks beneath the surface and seeks hidden motives."",""Mercury in Scorpio is drawn to secrets, taboo topics and psychological depth. The person notices what others try to hide and is skilled at reading between the lines. Communication can be intense, sometimes confrontational, but also deeply insightful. When integrated, this brings research talents and a gift for honest, transformative conversations."",""depth of insight; strategic thinking; capacity to concentrate; talent for research and investigation; psychological understanding"",""suspicion; mental obsession; tendency toward manipulation; harsh or cutting remarks; fixation on dark topics"",""interrogating rather than conversing; withholding information as power; assuming hidden agendas everywhere; using secrets to control or test others"","""""
"Mercury,""Sagittarius"",""A broad, philosophical mind that looks for meaning, patterns and future possibilities."",""Mercury in Sagittarius prefers big ideas over details. The person thinks in metaphors, principles and worldviews, often connecting experiences into a larger story. They may love teaching, storytelling and travel. When developed, this brings inspiring speech and the ability to see the big picture."",""visionary thinking; optimism; openness to different cultures and ideas; capacity to synthesize information; humor"",""exaggeration; dogmatism; carelessness with facts; preaching tone; neglect of practical details"",""slogans instead of nuanced arguments; brushing off criticism with jokes; skipping over specifics; insisting on being right because of belief rather than evidence"","""""
"Mercury,""Capricorn"",""A structured, realistic mind that focuses on goals, responsibilities and concrete results."",""Mercury in Capricorn thinks strategically and cautiously. The person prefers tested information and is often skeptical of unproven ideas. They plan ahead, organize data and communicate in a dry, clear way. When mature, this gives reliability in decisions and the ability to manage complex tasks."",""organization; logical structure; strategic planning; seriousness; ability to prioritize; long-term thinking"",""pessimism; rigidity; over-cautiousness; dryness; tendency to underestimate emotional factors"",""rejecting ideas as impractical too quickly; using cold rationality to avoid vulnerability; over-controlling outcomes; negative forecasting framed as realism"","""""
"Mercury,""Aquarius"",""An original, nonconformist mind that thinks in systems, concepts and future scenarios."",""Mercury in Aquarius is attracted to unusual ideas, paradoxes and unconventional perspectives. The person often sees connections at the group or societal level and likes to discuss reforms, technologies and ideals. When balanced, this placement brings inventive thinking and capacity to detach enough to see the whole pattern."",""innovation; ability to see patterns in complexity; objective thinking; openness to new concepts; social intelligence"",""detachment; contrarianism; impractical or overly abstract ideas; tendency to shock or provoke intellectually"",""using intellect to stay emotionally distant; playing devil's advocate for its own sake; dismissing common sense as “boring”; hiding behind theories instead of engaging personally"","""""
"Mercury,""Pisces"",""An intuitive, imagistic mind that thinks in symbols, feelings and associations rather than linear logic."",""Mercury in Pisces processes information through impressions and atmosphere. The person may find it easier to understand metaphors, music and nonverbal cues than strict instructions. Their speech can be poetic and compassionate but sometimes vague. When integrated, this brings creative intelligence and deep intuitive understanding."",""imagination; empathy; ability to sense what is unspoken; talent for art, poetry or healing communication; flexible thinking"",""confusion; forgetfulness; vagueness; susceptibility to deception; difficulty with structure and precision"",""avoiding clarity to escape responsibility; telling others what they want to hear; spacing out in difficult conversations; using foggy language to hide true feelings or ignorance"","""""
"Venus,""Aries"",""A direct, fiery style of relating that seeks excitement, challenge and immediate attraction."",""Venus in Aries loves quickly and expresses affection through action, initiative and spontaneity. The person is drawn to strong, independent partners and to situations where there is a sense of conquest or adventure. They may value honesty more than diplomacy in matters of the heart. When mature, this brings passionate, straightforward relating and courage to take the first step."",""enthusiasm; romantic courage; spontaneity; honesty in attraction; ability to energize relationships; playfulness"",""impatience; boredom with stability; tendency to start more than to maintain; competitiveness with partner; risk of conflict in intimacy"",""provoking arguments to feel alive; dropping relationships once the chase is over; pushing partner instead of listening; framing impulsivity as sincerity"","""""
"Venus,""Taurus"",""A steady, sensual style of relating that values comfort, loyalty and tangible expressions of love."",""Venus rules Taurus, so here love is expressed through touch, time, shared meals and material care. The person is attracted to stable, reliable partners and appreciates slow, gradual development of relationship. They seek beauty in simple pleasures and often have a strong sense of aesthetic and bodily enjoyment. When integrated, this brings deep loyalty and ability to build lasting bonds."",""loyalty; sensuality; patience; ability to create comfort; appreciation of beauty and nature; reliability in affection"",""possessiveness; jealousy; resistance to change; treating partner as “belonging”; tendency to equate love with material security or physical presence only"",""clinging to relationship past its healthy time; using gifts or comfort to control; refusing to discuss problems to avoid shaking stability; indulging in pleasures instead of addressing conflicts"","""""
"Venus,""Gemini"",""A playful, curious style of relating that values mental connection, variety and lightness."",""Venus in Gemini is attracted to wit, intelligence and the ability to talk about anything. The person enjoys flirting, exchanging ideas and exploring different sides of relationship. They may prefer more freedom and experimentation, needing constant stimulation to stay engaged. When mature, this brings flexibility, humor and openness in love."",""charm; communicativeness; adaptability; mental rapport; versatility in showing affection; openness to new experiences"",""inconsistency; fear of boredom; superficiality in relationships; difficulty committing deeply; flirting that confuses boundaries"",""keeping things “just fun” to avoid vulnerability; jumping from one connection to another; talking instead of feeling; using humor to deflect serious discussions about the relationship"","""""
"Venus,""Cancer"",""A nurturing, protective style of relating that seeks emotional safety, home and long-term devotion."",""Venus in Cancer expresses love through care, support and creating a cozy, intimate space. The person is drawn to partners who feel like family and may idealize the idea of home and children. They need reassurance and emotional closeness. When integrated, this brings deep empathy, tenderness and loyalty."",""tenderness; emotional warmth; devotion; ability to create a sense of home; intuitive understanding of partner's needs"",""clinginess; fear of abandonment; moodiness; difficulty letting go of unhealthy bonds; over-identification with partner and family role"",""guilt-tripping; retreat into hurt silence; over-caretaking to keep others close; idealizing partner then feeling betrayed when reality shows up"","""""
"Venus,""Leo"",""A proud, dramatic style of relating that loves romance, celebration and being special to someone."",""Venus in Leo wants to shine in love and to be adored in return. The person expresses affection through grand gestures, generosity and playful performance. They seek relationships where there is admiration, fun and shared creativity. When mature, this brings big-hearted love and loyalty."",""generosity; loyalty; romantic flair; creativity in love; ability to uplift partner; enthusiasm"",""need for constant attention; jealousy; vanity; dramatization of issues; difficulty accepting ordinary, quiet phases of relationship"",""creating drama to get reassurance; making love a stage; taking everything personally; idealizing partner then devaluing when they disappoint"","""""
"Venus,""Virgo"",""A modest, careful style of relating that values reliability, humility and practical care."",""Venus in Virgo shows love by helping, improving and taking care of details in partner's life. The person may be shy in expressing affection directly, preferring small, thoughtful acts over big gestures. They are attracted to modest, competent and sincere people. When integrated, this brings grounded, dependable love."",""reliability; attentiveness; practical support; discernment in choosing partners; sincerity; willingness to work on relationship"",""criticism; perfectionism; difficulty relaxing in intimacy; focusing on flaws; fear of being inadequate"",""over-helping instead of expressing needs; correcting partner as a way to manage anxiety; self-sacrifice to earn love; avoiding pleasure out of guilt"","""""
"Venus,""Libra"",""A refined, partnership-oriented style of relating that seeks harmony, balance and beauty."",""Venus rules Libra, so here love is strongly connected with aesthetics and equality. The person values politeness, fairness and good taste and often idealizes the idea of a perfect couple. They are attracted to charming, cooperative partners and dislike roughness. When mature, this brings skills in building mutually respectful, elegant relationships."",""diplomacy; sense of fairness; charm; ability to compromise; aesthetic sensitivity; social grace"",""indecision; dependence on relationship status; fear of conflict; tendency to avoid unpleasant topics; superficial harmony"",""saying what partner wants to hear; staying too long to avoid being alone; suppressing anger until it leaks indirectly; making relationship an image rather than a living process"","""""
"Venus,""Scorpio"",""An intense, all-or-nothing style of relating that seeks depth, fusion and emotional honesty."",""Venus in Scorpio is drawn to passionate, transformative relationships and strong attraction. The person values loyalty, authenticity and the courage to show shadow sides. They may fear betrayal and therefore test partners or hold back until trust is proven. When integrated, this brings powerful, healing love that can support deep change."",""emotional depth; loyalty; magnetic presence; capacity for total commitment; intuitive understanding of partner's psyche"",""jealousy; possessiveness; control issues; obsession; fear of abandonment; tendency to stay in toxic dynamics"",""testing love by provoking drama; holding grudges; using sex or intimacy as a means of control; hiding vulnerability and then accusing others of coldness; all-or-nothing ultimatums"","""""
"Venus,""Sagittarius"",""An adventurous, idealistic style of relating that values freedom, growth and shared horizons."",""Venus in Sagittarius loves travel, learning and philosophical conversations with a partner. The person seeks someone to explore the world with, physically or intellectually. They dislike feeling confined or controlled and may need a lot of space. When mature, this brings uplifting, inspiring relationships that encourage mutual development."",""optimism; generosity; enthusiasm; openness; love of learning together; ability to see relationship as journey"",""restlessness; fear of commitment; tendency to run from problems; bluntness that hurts; idealization of distant or unavailable partners"",""escaping when things get serious; joking away conflicts; promising more than can be delivered; framing avoidance as “freedom” or “honesty”"","""""
"Venus,""Capricorn"",""A serious, responsible style of relating that values reliability, structure and long-term commitment."",""Venus in Capricorn expresses love through commitment, support and taking practical responsibility for shared life. The person may be cautious at first, taking time to trust. They are attracted to mature, stable, goal-oriented partners. When integrated, this brings loyal, enduring relationships built on respect and shared efforts."",""loyalty; perseverance; realism; willingness to work through difficulties; capacity to support partner materially and practically"",""emotional reserve; fear of vulnerability; transactional approach to love; overemphasis on status or image of relationship"",""withholding affection as control; staying in relationship purely out of duty; prioritizing work and reputation over emotional connection; using rules instead of dialogue"","""""
"Venus,""Aquarius"",""A free, unconventional style of relating that values equality, friendship and shared ideals."",""Venus in Aquarius tends to be attracted to unusual people, friendships that become something more, or non-traditional relationship forms. The person needs space and autonomy and often puts intellectual connection above overt romance. When integrated, this brings tolerant, open-minded love that allows both partners to be themselves."",""friendship in love; respect for individuality; openness to experiments; ability to love people very different from oneself; loyalty to shared ideals"",""emotional detachment; unpredictability; fear of traditional commitments; tendency to stay in head rather than heart"",""keeping distance to feel safe; rationalizing away emotional needs; sudden breakups; framing lack of involvement as “respect for freedom”"","""""
"Venus,""Pisces"",""A romantic, sacrificial style of relating that seeks soul-level connection and unconditional love."",""Venus in Pisces idealizes love and often feels drawn to saving or being saved. The person is highly sensitive to partner's feelings and may merge too easily. They express affection through compassion, inspiration and subtle gestures. When integrated, this brings mystical, tender love and deep artistic or spiritual companionship."",""empathy; compassion; imagination; capacity for selfless gestures; artistic romantic expression; intuitive bonding"",""idealization; self-sacrifice; lack of boundaries; victim-savior dynamics; susceptibility to disappointment and deception"",""ignoring red flags; staying in painful relationships to “help” the other; losing self in partner's needs; using suffering as proof of love; avoiding clear agreements to keep fantasy alive"","""""
"Mars,""Aries"",""Raw, straightforward drive that acts first and thinks later."",""Mars in Aries is pure impulse and initiative. Energy rises quickly and seeks immediate outlet through action, competition and direct confrontation. This person feels alive when moving toward a goal right now, not in theory. They tolerate stress well in short bursts and prefer clear, simple tasks where they can use courage and speed. The life lesson is to temper spontaneity with at least minimal strategy."",""initiative; courage; quick reaction; readiness to take risks; ability to start projects; capacity to cut through obstacles"",""recklessness; aggression; impatience; tendency to fight for the sake of fighting; low tolerance for waiting or compromise; burnout from constant pushing"",""attacking to avoid feeling weak; jumping into action instead of processing emotions; provoking conflicts to discharge tension; refusing to back down even when wrong"","""""
"Mars,""Taurus"",""Steady, persistent drive that builds slowly but is hard to stop."",""Mars in Taurus channels energy into sustained, practical effort. This person prefers long-term projects, concrete tasks and visible results. They move carefully but with enormous endurance once committed. They may resist pressure to hurry or change direction. Lesson is to distinguish healthy steadfastness from rigid stubbornness."",""stamina; reliability; practical productivity; patience; ability to finish what was started; capacity to build material results"",""inertia; laziness when unmotivated; resistance to necessary change; attachment to comfort; tendency to procrastinate on starting"",""passive resistance; digging heels in; doing nothing instead of negotiating; overeating or overindulging to avoid uncomfortable action; justifying stagnation as “stability”"","""""
"Mars,""Gemini"",""Restless, mentally driven energy that acts through words, ideas and movement."",""Mars in Gemini uses drive to talk, negotiate, argue and multitask. This person needs variety and mental stimulation to feel energized. They may jump between projects and enjoy tasks that require quick thinking, short trips and networking. Lesson is to learn focus and follow-through without killing curiosity."",""adaptability; verbal assertiveness; quick reactions; ability to handle several tasks; skill in negotiation and debate"",""scattered efforts; nervous tension; inconsistency; tendency to waste energy on trivial activities; verbal aggression"",""arguing instead of acting; sarcasm as weapon; jumping from one task to another when bored; talking big and then losing interest; rationalizing lack of results with “too many ideas”"","""""
"Mars,""Cancer"",""Protective, emotionally driven energy that acts in defense of safety and loved ones."",""Mars in Cancer is triggered by emotional factors and threats to home, family or inner security. Action may be indirect, through care, withdrawal or manipulation rather than open confrontation. The person is tenacious when motivated by feeling, but may hesitate in cold, abstract battles. Lesson is to express anger more directly while respecting sensitivity."",""loyalty; ability to protect close ones; persistence when heart is involved; talent for caring practical actions; strong attachment to home"",""moodiness; passive aggression; defensiveness; difficulty with direct conflict; clinging to old emotional battles"",""sulking; guilt-tripping; retreating into silence; doing things “for your own good” instead of asking; holding on to grievances instead of stating needs"","""""
"Mars,""Leo"",""Proud, demonstrative drive that wants to act nobly and be noticed."",""Mars in Leo acts with style, drama and emphasis on personal honor. This person prefers visible tasks where they can show courage, generosity and leadership. They dislike being commanded and want to decide how to act. Lesson is to channel ego into creative contribution rather than endless proof of superiority."",""courage; leadership; initiative in creative projects; enthusiasm; loyalty in action; capacity to inspire others by example"",""ego clashes; arrogance; need to win and shine; dramatization of conflict; intolerance of perceived disrespect"",""overreacting to criticism; making scenes; taking charge even when not asked; turning every disagreement into a battle for status; refusing to apologize"","""""
"Mars,""Virgo"",""Disciplined, precise drive that focuses on work, improvement and solving problems."",""Mars in Virgo directs energy into details, organization and efficiency. The person prefers tasks that require thoroughness, skill and accuracy, and may feel uneasy without something useful to do. They are good at refining systems but risk getting stuck in endless optimization. Lesson is to balance action with rest and accept “good enough.”"",""diligence; reliability; attention to detail; practical efficiency; craftsmanship; ability to troubleshoot"",""overwork; perfectionism; irritability over small flaws; difficulty delegating; somatic tension and stress"",""channeling anger into criticism; obsessing over minutiae instead of addressing core conflicts; constant busyness to avoid feelings; micromanagement as control"","""""
"Mars,""Libra"",""Relational, strategic drive that acts through negotiation, balance and partnership."",""Mars in Libra prefers to fight for fairness rather than for personal dominance. This person acts via dialogue, compromise and consideration of both sides, yet still needs to assert boundaries. They are good at initiating cooperation but may hesitate in direct confrontation. Lesson is to integrate clear “no” with desire for peace."",""diplomacy; tactical thinking; ability to argue both sides; talent for negotiation; sense of justice; cooperative initiative"",""indecision; avoidance of open conflict; passive aggression; dependence on others to make the first move; anger masked as politeness"",""pleasing then resenting; indirect sabotage; using charm to avoid saying “no”; postponing difficult conversations; making partner the “bad cop” to keep own image clean"","""""
"Mars,""Scorpio"",""Concentrated, intense drive that seeks control, depth and transformation."",""Mars in Scorpio keeps energy under the surface until it chooses to act with surgical precision. This person is capable of extreme endurance, secrecy and focus, especially in crisis. They are drawn to intense experiences and may resist any attempt to dominate them. Lesson is to use power consciously rather than through hidden wars."",""endurance; courage in crisis; strategic action; psychological strength; ability to go to the root of problems"",""vengefulness; obsession; manipulative behavior; self-destructiveness; difficulty letting go; secret hostility"",""holding grudges; silent punishment; testing others; provoking crises to feel in control; controlling resources or sex to maintain power"","""""
"Mars,""Sagittarius"",""Adventurous, optimistic drive that seeks expansion, exploration and big goals."",""Mars in Sagittarius acts on beliefs, enthusiasm and the desire to move forward. The person loves challenges that involve travel, learning or ideological struggle. They may hate routine and resist narrow frameworks. Lesson is to add realism and responsibility to their drive without losing spirit."",""enthusiasm; courage to take risks; willingness to explore; drive for growth; ability to motivate others; sporting or physical energy"",""carelessness; overestimation of abilities; tactless behavior; avoidance of boring but necessary tasks; scattered efforts across too many goals"",""rushing into big plans without details; escaping when things become tedious; justifying impulsive actions with “faith” or “intuition”; joking away consequences"","""""
"Mars,""Capricorn"",""Ambitious, disciplined drive that focuses on long-term achievement and control."",""Mars in Capricorn is strong and pragmatic. Energy is channeled into well-planned effort, career and building structures. This person can work steadily and strategically toward goals, tolerating delays and obstacles. Lesson is to keep humanity and flexibility while pushing for success."",""endurance; self-control; strategic initiative; reliability; ability to manage resources; capacity to work hard over time"",""rigidity; workaholism; coldness; tendency to suppress spontaneity and feelings; cynicism"",""over-controlling people and processes; using work to avoid emotional issues; harsh self-discipline; viewing rest as weakness; manipulating through status or authority"","""""
"Mars,""Aquarius"",""Independent, rebellious drive that acts according to principles and desire for change."",""Mars in Aquarius seeks freedom of action and originality. The person prefers unusual strategies, group projects or causes, and may resist direct orders. They act best when they feel they are contributing to something progressive. Lesson is to balance need for uniqueness with real cooperation and accountability."",""original initiatives; courage to break old patterns; ability to work in teams; inventive problem-solving; social activism"",""unpredictability; contrarianism; difficulty with hierarchy; sudden breaks; emotional detachment in conflict"",""doing the opposite just to prove independence; leaving abruptly instead of negotiating; using ideology to justify coldness; hiding anger behind “objectivity”"","""""
"Mars,""Pisces"",""Diffuse, intuitive drive that follows moods, dreams and subtle currents rather than rigid plans."",""Mars in Pisces acts indirectly, often through inspiration, empathy or escape. Energy can feel inconsistent: powerful when aligned with inner vision, weak when forced into dry routine. The person is sensitive to atmosphere and may avoid direct confrontations. Lesson is to learn grounded action and clear boundaries without losing softness."",""compassionate action; creativity; ability to dissolve conflicts gently; sensitivity to others' needs; endurance in serving meaningful causes"",""passivity; avoidance; self-sabotage; confusion about goals; tendency to drift instead of choosing"",""procrastination; disappearing instead of confronting; saying “yes” then not following through; rationalizing inaction as “waiting for the right moment”; sacrificing own interests silently"","""""
"Jupiter,""Aries"",""Expansion through personal initiative, courage and direct action."",""Jupiter in Aries amplifies the urge to start, risk and pioneer. This person often believes that fortune favors the brave and grows through taking bold steps, even without full guarantees. They may inspire others to be more daring. Lesson is to coordinate enthusiasm with wisdom and awareness of others' limits."",""entrepreneurial spirit; bravery; leadership potential; ability to energize projects; optimistic approach to challenges"",""overconfidence; rash decisions; impatience; conflict with authority; tendency to promise more than can be delivered"",""ignoring warnings; framing reckless risk as “faith”; refusing feedback; pushing others to act faster than is safe; downplaying consequences"","""""
"Jupiter,""Taurus"",""Expansion through stability, material growth and enjoyment of simple things."",""Jupiter in Taurus supports steady accumulation of resources, skills and pleasures. This person grows by cultivating patience, financial sense and a grounded approach to life. They often have a talent for creating comfort and attracting opportunities through reliability. Lesson is to avoid stagnation and greed behind the mask of “security.”"",""financial savvy; patience; ability to develop talents; appreciation of beauty and nature; capacity to create sustainable prosperity"",""indulgence; laziness; over-attachment to possessions; fear of risk; resistance to changes that could actually expand life"",""rationalizing hoarding as prudence; overeating or overspending for comfort; ignoring inner growth in favor of visible wealth; staying in safe but dead situations"","""""
"Jupiter,""Gemini"",""Expansion through learning, communication and networking."",""Jupiter in Gemini brings growth via curiosity, multiple interests and wide circles of contacts. The person is often a natural learner and teacher, thriving on exchange of ideas. They may enjoy languages, media, travel and information flows. Lesson is to avoid scattering and to turn breadth into at least some depth."",""versatility; talent for teaching and explaining; social openness; quick learning; ability to connect diverse fields"",""superficial knowledge; distraction; gossip; constant switching of interests; difficulty completing projects"",""collecting facts instead of integrating them; talking instead of acting; overestimating understanding because “I’ve read about it”; using humor to mask insecurity about competence"","""""
"Jupiter,""Cancer"",""Expansion through family, emotions and caring connection."",""Jupiter in Cancer exalts, strengthening intuition and need for belonging. This person grows through creating safe, nurturing environments and honoring roots and traditions. They may have strong protective instincts and a talent for hospitality. Lesson is to avoid smothering others and staying trapped in family patterns."",""emotional generosity; intuition; ability to build supportive homes and communities; loyalty; strong sense of clan"",""overprotection; clannishness; dependency; difficulty letting children/partners grow; sentimentality"",""guilt-based control (“after all I did for you”); idealizing family while avoiding its problems; staying in familiar roles rather than pursuing own expansion"","""""
"Jupiter,""Leo"",""Expansion through creativity, self-expression and noble leadership."",""Jupiter in Leo gives a big, theatrical sense of self and a drive to share talents with the world. This person often grows by taking on visible roles, expressing generosity and learning to lead from the heart. They may attract attention and opportunities easily. Lesson is to transform pride into magnanimity, not entitlement."",""charisma; generosity; enthusiasm; leadership; creative talent; ability to inspire"",""vanity; showiness; arrogance; tendency to over-dramatize; addiction to applause"",""overspending to impress; taking big unnecessary risks to prove greatness; dismissing others' contributions; refusing to admit mistakes to protect image"","""""
"Jupiter,""Virgo"",""Expansion through service, skill development and improvement of systems."",""Jupiter in Virgo grows by learning to be useful in intelligent, efficient ways. This person finds meaning in work, everyday rituals and caring about details that keep life functioning. They may be drawn to health, crafts, analytics or mentoring in practical skills. Lesson is to avoid turning wisdom into anxiety and service into self-denial."",""craftsmanship; reliability; practical wisdom; ability to see how things can work better; sense of responsibility"",""chronic dissatisfaction; criticism; overwork; difficulty trusting life without constant control; narrowness of outlook"",""turning ideals into rigid rules; moralizing about “how it should be”; sacrificing rest and pleasure in the name of usefulness; seeing only flaws and missing overall growth"","""""
"Jupiter,""Libra"",""Expansion through relationships, justice and social harmony."",""Jupiter in Libra brings growth via partnerships, alliances and learning to build fair agreements. This person may act as mediator or connector and often has a strong sense of aesthetics and diplomacy. They attract luck when they cooperate and consider others' interests. Lesson is to avoid losing self in pursuit of balance and beauty."",""sense of fairness; social grace; negotiation skills; openness to collaboration; refined taste; ability to harmonize environments"",""indecisiveness; over-dependence on partners; superficial harmony; avoidance of conflict even when necessary"",""staying in relationships just to avoid loneliness; idealizing partnership as solution to all problems; agreeing outwardly while inwardly resenting; using charm instead of honest confrontation"","""""
"Jupiter,""Scorpio"",""Expansion through depth, crisis and psychological transformation."",""Jupiter in Scorpio grows by facing taboos, power issues and deep emotional processes. This person may be drawn to therapy, research, occult subjects or any field that deals with hidden forces. They often have strong intuition and resilience. Lesson is to use penetrating insight ethically and avoid extremes."",""capacity for profound healing; courage to face shadow; investigative talent; intensity; loyalty"",""obsession; extremism; revenge mentality; fascination with danger; moral black-and-white thinking"",""justifying manipulation as “for their own good”; holding onto toxic situations for the sake of intensity; using secrets as power; crusades against perceived enemies"","""""
"Jupiter,""Sagittarius"",""Expansion through worldview, travel, philosophy and faith."",""Jupiter rules Sagittarius, so here there is strong emphasis on freedom, exploration and belief. This person grows through study, cultural exchange, teaching and living according to broad principles. They need horizons—physical or intellectual. Lesson is to balance enthusiasm with responsibility and respect for other viewpoints."",""optimism; sense of meaning; love of learning and travel; ability to inspire; tolerance; big-picture thinking"",""dogmatism; carelessness; tendency to exaggerate; avoidance of routine obligations; naive risk-taking"",""preaching instead of dialoguing; promising more than can be fulfilled; framing irresponsibility as “trust in life”; dismissing criticism as “negativity”"","""""
"Jupiter,""Capricorn"",""Expansion through discipline, structure and long-term ambition."",""Jupiter in Capricorn grows by taking on responsibilities and mastering the rules of the game. This person tends to be strategic and realistic about opportunities, preferring slow but steady advancement. They may be gifted in management or institution-building. Lesson is to not suffocate joy with control and fear of failure."",""strategic planning; persistence; reliability; ability to build status and authority; pragmatic wisdom"",""pessimism; excessive caution; workaholism; prioritizing outer success over inner meaning; lack of spontaneity"",""rejecting promising opportunities as “too risky”; overburdening self with duties; using career to avoid emotional life; harsh judgments framed as “just being realistic”"","""""
"Jupiter,""Aquarius"",""Expansion through innovation, friendship and collective ideals."",""Jupiter in Aquarius grows via communities, networks and progressive ideas. This person may be attracted to humanitarian causes, technology and unconventional knowledge. They feel lucky when they can contribute to something that benefits many. Lesson is to integrate freedom and responsibility and keep ideals connected to concrete people."",""open-mindedness; originality; social conscience; ability to work in groups; interest in reform; tolerance for diversity"",""detachment; ideological extremism; inconsistency; difficulty with personal intimacy; living more in future than present"",""escaping into causes to avoid personal issues; sacrificing individuals to ideals; rejecting belonging to prove independence; rigid insistence on being “different”"","""""
"Jupiter,""Pisces"",""Expansion through compassion, imagination and spiritual experience."",""Jupiter in Pisces grows by opening the heart to life, trusting intuition and engaging with subtle, non-material dimensions. This person may be drawn to art, healing, mysticism or charitable work. They often feel that life is meaningful in ways that can't be fully explained. Lesson is to pair faith with discernment and healthy boundaries."",""empathy; spiritual sensitivity; artistic inspiration; capacity for forgiveness; ability to see hidden connections; generosity of soul"",""escapism; illusion; tendency to idealize; neglect of practical matters; vulnerability to exploitation"",""ignoring red flags “out of love”; drifting instead of choosing; sacrificing self in unhealthy ways; using spirituality to bypass concrete problems; confusing wishful thinking with guidance"","""""
"Saturn,""Aries"",""Lessons about responsible initiative and mature use of will."",""Saturn in Aries often feels blocked in spontaneous action: early attempts to assert oneself may be criticized or punished, creating fear of being too direct. The person may swing between impulsive outbursts and long periods of hesitation. Life invites them to develop strategic courage and to act deliberately rather than reactively. With growth, they become a calm, reliable leader who knows when and how to take the first step."",""strategic courage; disciplined action; ability to lead under pressure; capacity to wait for the right moment; thoughtful initiative"",""inhibition of will; fear of starting; anger turned inward; bursts of aggression after long suppression; chronic frustration"",""procrastination; telling themselves “I’m not ready yet”; rigid self-control until they snap; criticizing other people's impulsivity to justify own paralysis; hiding behind duties instead of daring"","""""
"Saturn,""Taurus"",""Lessons about material responsibility, patience and stable values."",""Saturn in Taurus often experiences scarcity, delays or pressure around money, body and basic security. The person may feel they must earn every crumb of comfort and may distrust enjoyment. Life pushes them to build solid foundations and a realistic sense of self-worth, without becoming rigidly attached to possessions. With maturity, they can be a reliable steward of resources."",""financial discipline; endurance; practical realism; capacity to build long-term stability; respect for material limits; steady work ethic"",""stinginess; fear of loss; rigidity; over-attachment to things and routines; difficulty adapting to change; chronic tension around money"",""hoarding; refusing opportunities because they seem risky; numbing anxiety with food or purchases; moralizing frugality while secretly craving pleasure; staying in underpaid or frustrating situations “for security”"","""""
"Saturn,""Gemini"",""Lessons about mental discipline, communication and the right to be heard."",""Saturn in Gemini may bring early experiences of feeling misunderstood, silenced or “not smart enough.” The person can be very self-critical about their intellect or speech, speaking only when sure or over-preparing. Life invites them to structure thinking, deepen focus and speak with integrity. When integrated, they become a clear, thoughtful communicator and serious learner."",""capacity for deep study; precise speech; careful thinking; ability to teach practically; reliability in information handling"",""mental pessimism; self-doubt about intelligence; communication blocks; social anxiety in conversations; rigid views"",""overthinking every word; silence to avoid mistakes; hiding behind “I don’t know” even when they do; rehearsing dialogues in their head instead of having them; cynicism about others' ideas"","""""
"Saturn,""Cancer"",""Lessons about emotional maturity, boundaries and responsibility in family matters."",""Saturn in Cancer often feels emotionally deprived or overburdened by family expectations. The person may learn early to take care of others while neglecting their own needs, developing hardness around the heart. Life calls them to build an inner sense of safety that is not based only on external caretaking. With growth, they can be a deeply reliable protector and wise emotional anchor."",""emotional resilience; capacity to hold space for others responsibly; loyalty; ability to create structured, safe environments; seriousness about family and home"",""emotional coldness; fear of vulnerability; difficulty receiving care; guilt; clinging to family patterns out of duty, not love"",""withdrawing into emotional armor; caring for everyone except self; using duty as excuse to avoid personal growth; controlling family through rules; suppressing tears and tenderness to “stay strong”"","""""
"Saturn,""Leo"",""Lessons about authentic self-expression, humility and earned authority."",""Saturn in Leo may feel unseen, unappreciated or ashamed of their own shine. Early failures or criticism around creativity and pride can make them afraid to stand out, or conversely, push them into stiff, overcompensating grandiosity. Life invites them to develop a quiet, dignified radiance grounded in real skill and heart. With maturity, they can be a responsible leader and mentor."",""dignity; disciplined creativity; stable leadership; reliability in positions of visibility; sense of responsibility for those they lead"",""fear of ridicule; blocked creativity; chronic feeling of not being good enough; rigid pride; difficulty relaxing and playing"",""overcompensating with arrogance; needing constant proof of worth; refusing to take risks to avoid failure; harsh self-critique hidden behind a proud mask; devaluing others’ talents"","""""
"Saturn,""Virgo"",""Lessons about work, health, service and realistic standards."",""Saturn in Virgo sharpens attention to flaws and duties, creating strong internal pressure to be useful and correct. The person may experience health anxieties or chronic overwork, feeling that nothing they do is sufficient. Life teaches them the art of “enough,” healthy routines and sustainable service. With integration, they become a master of practical systems and wise helper."",""organizational ability; reliability; precision; conscientiousness; capacity for long, careful work; deep sense of duty"",""perfectionism; chronic worry; self-criticism; health obsessions; difficulty delegating; burnout"",""constant checking; focusing on shortcomings to avoid deeper emotional themes; compulsive fixing; refusing help because “they won’t do it right”; using work as avoidance"","""""
"Saturn,""Libra"",""Lessons about partnership, fairness and committed cooperation."",""Saturn in Libra may bring early disappointments in relationships or experiences of heavy responsibility for others. The person can feel unworthy of love or fear making wrong relational choices. Life urges them to learn healthy boundaries, realistic expectations and the courage to commit. With maturity, they are capable of building solid, long-lasting, fair partnerships."",""loyalty; capacity for serious commitment; sense of justice; ability to build stable agreements; diplomatic patience"",""fear of loneliness leading to staying in bad relationships; fear of commitment leading to chronic hesitation; people-pleasing; emotional distance masked as politeness"",""staying “for the children / reputation”; avoiding conflict until crisis; outsourcing decisions to partner; sacrificing own needs while secretly resentful; over-intellectualizing relationship issues"","""""
"Saturn,""Scorpio"",""Lessons about power, control, intimacy and deep emotional honesty."",""Saturn in Scorpio intensifies fear around loss, betrayal and emotional exposure. The person may feel they must control everything to stay safe, or may face profound crises that strip them of illusions. Life asks them to confront shadow with responsibility and to use power ethically. With growth, they can become a deeply trustworthy, healing presence."",""psychological strength; persistence; courage to face painful truths; capacity for deep transformation; ability to manage crisis situations"",""mistrust; rigidity; obsession; emotional blocks; tendency to hold onto pain; fear of vulnerability"",""testing loyalty repeatedly; controlling through money, sex or secrets; shutting down instead of discussing fears; revenge fantasies; clinging to trauma as identity"","""""
"Saturn,""Sagittarius"",""Lessons about belief, meaning, honesty and responsible freedom."",""Saturn in Sagittarius brings tension between the need for expansion and the fear of losing control or being wrong. The person can oscillate between cynical doubt and rigid dogmatism. Life invites them to build a grounded worldview, where ideals are tested by experience and commitments are honored. With maturity, they can become a wise teacher or guide."",""philosophical depth; ethical sense; capacity for long-term learning; responsible teaching; realistic optimism"",""fanaticism; pessimism about meaning; guilt about enjoyment; fear of exploring beyond the known; moral rigidity"",""hiding insecurity behind big principles; judging others harshly for “wrong beliefs”; rejecting joy as frivolous; rationalizing fear as “prudence” or “morality”"","""""
"Saturn,""Capricorn"",""Lessons about authority, ambition and self-mastery."",""Saturn rules Capricorn, so its themes are especially strong: responsibility, structure, limits and time. The person may carry heavy burdens early or feel they must constantly prove their worth through work and achievement. Life asks them to become their own wise authority instead of only obeying external systems. When integrated, they embody mature leadership and long-range vision."",""strategic thinking; persistence; discipline; capacity to manage complexity; resilience; respect for reality"",""workaholism; emotional coldness; fear of failure; self-denial; harsh inner critic; over-identification with status"",""using career success to compensate for inner emptiness; suppressing needs and feelings; judging others for perceived weakness; assuming love must be earned by performance; inability to rest"","""""
"Saturn,""Aquarius"",""Lessons about individuality, groups and responsibility for freedom and ideas."",""Saturn in Aquarius often feels like an outsider, different from both mainstream and close circles. They may fear rejection for their uniqueness or, conversely, hide behind eccentricity. Life invites them to find their role in the collective without betraying their principles. With maturity, they can become a stable, realistic reformer and builder of communities."",""commitment to ideals; ability to structure networks; long-term vision for reforms; loyalty to friends; intellectual discipline"",""rigid nonconformism; social alienation; emotional detachment; inflexibility of ideas; fear of dependence on groups"",""rejecting belonging to avoid being rejected; using “objectivity” to avoid emotional involvement; clinging to fixed opinions; building identity solely on being unlike others; sabotaging cooperation"","""""
"Saturn,""Pisces"",""Lessons about boundaries, compassion and structuring the inner world."",""Saturn in Pisces struggles to reconcile sensitivity with reality. The person may feel overwhelmed by emotions, confused about direction or guilty for having needs. Escapist tendencies can clash with a strong conscience. Life calls them to gently organize their inner space, give form to inspiration and practice grounded spirituality. With integration, they can combine empathy with practical wisdom."",""ability to bring dreams into form; endurance in helping others; spiritual discipline; intuition plus realism; deep compassion"",""victim mentality; chronic guilt; fear of being “too much” or “not enough”; escapism; unclear boundaries; susceptibility to manipulation"",""self-sacrifice to the point of harm; staying in suffering as atonement; avoidance of decisions; spiritual bypassing (“the universe will decide”); confusing chaos with sensitivity"","""""
"Uranus,""Aries"",""Sudden, rebellious individuality expressed through raw assertion and pioneering action."",""Uranus in Aries pushes for radical self-assertion and quick breaks from old patterns. The person feels a strong need to act in their own way, often surprising even themselves. They can initiate bold, unconventional projects but may also create chaos if impulses are not grounded. Life invites them to use their courage for constructive innovation, not just revolt."",""courage to change; pioneering ideas; ability to act independently; capacity to inspire others to break limiting patterns"",""recklessness; chronic conflict with authority; impatience with any rules; accidents or crises from impulsive behavior"",""sudden quitting; doing the opposite just because; rejecting advice automatically; extreme moves to prove independence; treating cooperation as threat to freedom"","""""
"Uranus,""Taurus"",""Unconventional approach to security, body and material values."",""Uranus in Taurus destabilizes traditional ideas about money, possessions and comfort. The person may experience unexpected financial ups and downs or frequent lifestyle changes. They seek new, freer ways to live in the material world and may be early adopters of alternative economies or value systems. Lesson is to balance innovation with minimal stability."",""original solutions around finances and resources; talent for practical innovation; ability to detach from old material patterns; creativity in working with body and nature"",""instability; difficulty maintaining steady income or habits; stubborn eccentricity; resistance to any traditional structure around money"",""sudden spending or radical changes in lifestyle; rejecting basic financial planning as “boring”; overvaluing being different over being secure; sabotaging own comfort to feel free"","""""
"Uranus,""Gemini"",""Inventive, nervous mind drawn to unusual ideas, technologies and ways of communicating."",""Uranus in Gemini speeds up thoughts and attracts the person to everything new in information, media and networking. They may think in leaps, intuiting connections before logic catches up. Communication can be brilliant but erratic. Life invites them to harness their mental electricity without burning out."",""quick insight; originality in thinking; talent with technology, media or languages; networking genius; ability to see unexpected connections"",""mental restlessness; lack of focus; tendency to jump topics; nervous exhaustion; difficulty with routine communication"",""shock statements; changing opinions abruptly; using intellectual superiority to distance from others; constant information consumption to avoid inner silence"","""""
"Uranus,""Cancer"",""Unusual emotional patterns and non-traditional sense of family and belonging."",""Uranus in Cancer brings sudden changes in home life or unconventional family structures. The person needs emotional freedom and may resist traditional roles of nurturing and dependence, even while craving closeness. They seek new ways to create “family,” often through friends or communities. Lesson is to respect both individuality and the need for stable emotional bonds."",""original forms of care; openness to diverse family models; intuitive flashes about emotional situations; capacity to break destructive ancestral patterns"",""instability in home; erratic moods; fear of emotional dependence; difficulty committing to one place or role"",""sudden moves or breakups of living arrangements; detaching emotionally under stress; framing need for distance as total rejection; provoking change when things feel too “normal”"","""""
"Uranus,""Leo"",""Dramatic, creative individuality that insists on expressing uniqueness."",""Uranus in Leo emphasizes the need to stand out, be different and shock through personal style or creativity. The person may have original artistic talents or unconventional leadership methods. They can inspire others to liberate their inner child, but may also rebel against any situation where they cannot shine. Lesson is to align personal brilliance with collective benefit."",""creative originality; charismatic presence; courage to break norms; innovative leadership; strong sense of individuality"",""attention-seeking; ego-rebellion; instability in roles; dramatic reactions when not recognized; difficulty cooperating"",""provocative behavior to get attention; rejecting any feedback as limitation; constant reinvention of self to avoid vulnerability; dramatic exits from situations where they feel unseen"","""""
"Uranus,""Virgo"",""Innovative, perfection-challenging individuality focused on work, health and systems."",""Uranus in Virgo brings sudden insights about how to improve processes, technologies and methods of service. The person may introduce new techniques in fields like health, analytics or craftsmanship. Routine can feel suffocating, yet they also need structure. Lesson is to modernize systems without destroying the useful parts."",""inventive problem-solving; openness to new methods; capacity to reform inefficient routines; technical creativity"",""nervous tension; restlessness at work; constant tinkering; difficulty sticking to one method; health upsets from stress"",""changing systems midstream; rejecting traditional practices just because they are old; hypercritical attitude; using “innovation” to avoid patience and thoroughness"","""""
"Uranus,""Libra"",""Unconventional relationships and original ideas about fairness, beauty and cooperation."",""Uranus in Libra questions classic pair-bonding and social rules of relating. The person may be drawn to unusual partners, non-traditional relationship structures or sudden beginnings and endings. They value equality and freedom highly. Lesson is to find forms of partnership that respect both individuality and commitment."",""ability to see new models of partnership; social innovation; sense of justice; openness to diversity in relationships; capacity for friendly detachment in conflict"",""instability in relationships; fear of classic commitment; sudden breakups; idealization of freedom over loyalty"",""disappearing when relationship feels too tight; provoking changes to avoid boredom; keeping partner at arm's length; intellectualizing love to avoid emotional risk"","""""
"Uranus,""Scorpio"",""Radical individuality expressed through exploring taboo, power and transformation."",""Uranus in Scorpio is strongly drawn to intense experiences, secrets and deep changes. The person may experience abrupt emotional shifts, crises or awakenings that fundamentally change them. They can be pioneers in psychology, sexuality or occult fields. Lesson is to handle the force of transformation ethically and with self-awareness."",""capacity for profound inner liberation; psychological insight; courage to face darkness; talent for cutting through illusions"",""self-destructiveness; fascination with danger; extreme reactions; difficulty with moderation; relationship upheavals"",""provoking crises to feel alive; sudden breakups or merges; using shock value in intimate matters; impulsive dives into risky experiences; rejecting stability as “dead”"","""""
"Uranus,""Sagittarius"",""Free-spirited individuality that seeks unusual paths in belief, travel and knowledge."",""Uranus in Sagittarius pushes for unconventional philosophies, alternative education and original ways of exploring the world. The person may abruptly change beliefs or life direction after sudden insights. They can inspire others to question dogmas and think globally. Lesson is to combine freedom with ethical responsibility and respect for different views."",""innovative teaching; visionary ideas; openness to foreign cultures; courage to explore new horizons; reform of belief systems"",""instability in beliefs; ideological extremism; restlessness; difficulty staying with one path long enough to deepen; disregard for rules"",""jumping from one “truth” to another; rejecting traditions reflexively; preaching shocking views just to provoke; using freedom as excuse to avoid commitments"","""""
"Uranus,""Capricorn"",""Reforming individuality focused on changing structures, institutions and authority models."",""Uranus in Capricorn disrupts traditional hierarchies and career paths. The person may question how power is organized and try to invent new, more flexible systems. They often feel tension between need for independence and external expectations. Lesson is to integrate responsibility with innovation, not just reject all rules."",""organizational innovation; ability to modernize institutions; strategic reform; capacity to see outdated structures clearly"",""instability in career; authority conflicts; rebellious attitude toward any hierarchy; extremes between conformity and total rejection"",""quitting jobs abruptly; undermining bosses openly; sabotaging own advancement to avoid being “caught” in the system; rigid insistence on doing everything their way"","""""
"Uranus,""Aquarius"",""Highly accentuated Uranian individuality: radical, future-oriented and group-conscious."",""Uranus rules Aquarius, so its qualities are especially strong here: love of freedom, originality, sudden insights and focus on collective evolution. The person may be ahead of their time in thinking, lifestyle or social ideas. They can be catalysts for major change but may feel detached from ordinary life. Lesson is to keep humanity and heart in the midst of revolution."",""genius-level originality; humanitarian vision; talent for building networks; intuitive grasp of future trends; strong independence"",""emotional detachment; alienation; arrogance of “knowing better”; difficulty with everyday realities; unpredictability"",""living only in ideals and theories; rejecting close bonds as limiting; shocking others for pleasure; refusing compromise; identifying solely as outsider"","""""
"Uranus,""Pisces"",""Strange, mystical individuality with sudden spiritual, artistic or emotional shifts."",""Uranus in Pisces brings abrupt awakenings in the realm of feelings, faith and imagination. The person can have unusual spiritual experiences, vivid dreams and non-linear insights. They may feel out of sync with ordinary emotional expectations. Lesson is to ground their intuition and balance openness with emotional hygiene."",""intuitive flashes; artistic innovation; openness to transpersonal levels; compassion combined with originality; ability to sense collective currents"",""confusion; escapism; chaotic emotional life; susceptibility to strange influences; fragile boundaries"",""disappearing from situations; erratic behavior justified as “guided”; drifting between ideals without grounding; avoiding responsibility through spiritual or artistic pretexts"","""""
"Neptune,""Aries"",""A visionary impulse to act guided by intuition and inspiration rather than pure logic."",""Neptune in Aries blends impulsive fire with spiritual or imaginative currents. Action is often driven by ideals, dreams and vague inner urgencies rather than clear plans. This can manifest as heroic self-sacrifice or confused, scattered activism. The life lesson is to align instinct with a realistic understanding of what can truly be done in the world."",""inspired initiative; capacity for selfless courage; intuitive timing; ability to mobilize others around ideals; openness to new spiritual paths"",""confused goals; unrealistic risks; martyrdom in fights that have no clear structure; anger that dissolves into guilt or fatigue; susceptibility to misleading “missions”"",""rushing into causes without checking facts; escaping from responsibility behind big ideals; turning failures into stories of noble sacrifice; blurring personal will with “higher will” to avoid owning choices"","""""
"Neptune,""Taurus"",""A dreamy, sensual relationship to the material world, money and the body."",""Neptune in Taurus idealizes security, comfort and beauty, seeking a paradise of stability and pleasure. There can be refined artistic taste and deep sensitivity to nature, but also confusion about boundaries in finances and bodily habits. The lesson is to distinguish real values from illusions of comfort and to spiritualize matter without escaping into it."",""artistic sense; appreciation of subtle beauty in nature and objects; capacity for gentle, grounding presence; potential for healing through touch and environment"",""financial illusions; dependence on comfort; escapism through food, possessions or luxury; difficulty seeing practical limits; confusion about self-worth"",""overspending in search of ideal comfort; ignoring money realities; using pleasure to numb emotions; romanticizing poverty or wealth; refusing to look at concrete numbers and facts"","""""
"Neptune,""Gemini"",""A fluid, imaginative mind that absorbs and transmits subtle information."",""Neptune in Gemini makes thinking and communication highly permeable to moods, symbols and collective fantasies. There can be talent for poetry, storytelling, images and media, but also susceptibility to misinformation or self-deception through words. The life lesson is to keep honesty and clarity in communication while honoring imaginative perception."",""creative communication; intuitive understanding of symbols and language; talent for storytelling, film, media or poetry; flexible thinking"",""mental confusion; gossip; self-contradiction; tendency to say what others want to hear; susceptibility to propaganda and rumors"",""vague promises; changing stories; joking or lying to avoid confrontation; flooding with information instead of answering clearly; blurring fact and fantasy in speech"","""""
"Neptune,""Cancer"",""Deep emotional sensitivity and idealization of home, family and belonging."",""Neptune in Cancer seeks a perfect, safe emotional haven and may project ideal images onto family or homeland. There is strong empathy and capacity for emotional healing, but also risk of dissolving personal boundaries within family dynamics. Lesson is to see loved ones realistically while still nurturing compassion and care."",""strong empathy; talent for emotional support; intuitive connection to family patterns; imaginative domestic creativity; spiritualized sense of home"",""over-attachment; emotional enmeshment; guilt; victim-savior dynamics in family; idealization followed by disappointment"",""self-sacrifice for family while silencing own needs; refusing to see dysfunction; using illness or weakness unconsciously to keep closeness; clinging to nostalgic images of the past"","""""
"Neptune,""Leo"",""A romantic, theatrical imagination around self-expression, love and recognition."",""Neptune in Leo dreams of heroic roles, grand romances and glorious creative destinies. There is strong inspiration for art, performance and symbolic leadership, but also risk of ego illusions and dependency on admiration. The lesson is to offer creativity as service, not just demand worship."",""creative inspiration; natural sense of drama; ability to touch hearts through art; generosity; capacity to symbolize collective dreams"",""vanity; grandiosity; self-delusion about specialness; susceptibility to flattery; romantic escapism"",""playing the “tragic hero/heroine”; dramatizing suffering; refusing ordinary responsibilities as “unworthy of my greatness”; confusing admiration with love; idealizing audiences or lovers"","""""
"Neptune,""Virgo"",""A subtle, sometimes anxious blending of spirituality and everyday work, health and service."",""Neptune in Virgo heightens sensitivity to small details, body signals and systems. There can be vocation in healing, holistic medicine or service work, but also confusion about health, work boundaries and endless self-improvement. Life lesson is to unite practical discernment with compassionate acceptance."",""talent for healing; intuition about health and diet; sensitivity to nuances in work; ability to serve with humility; potential for creative organization"",""hypochondria; workaholic martyr role; guilt about imperfection; confusion about responsibilities; escapism into rituals or “healthy” obsessions"",""endless tweaking of routines; chasing miraculous cures; self-sacrifice at work to avoid own needs; hiding from emotional issues behind tasks; feeling “never good enough”"","""""
"Neptune,""Libra"",""Idealized visions of partnership, justice and aesthetic harmony."",""Neptune in Libra dreams of perfect relationships, perfect beauty and perfect fairness. There is deep longing for soulmates and ideal cooperation. This can inspire spiritual or artistic partnerships, but also illusions about partners and avoidance of conflict. The lesson is to see others as humans, not projections, and to build real fairness, not only aesthetic peace."",""refined sense of beauty; romantic imagination; capacity for spiritual partnership; sensitivity to injustice; artistic talent related to form and harmony"",""idealization of partner; dependency; difficulty ending unhealthy relationships; confusion about own wishes vs others’ needs; conflict avoidance"",""accepting too much in the name of love; self-effacement to maintain peace; secretly rescuing or needing rescue; living through fantasy of relationship instead of its reality; passive-aggressive behavior"","""""
"Neptune,""Scorpio"",""Intensely mystical, psychologically deep intuition focused on hidden layers of reality."",""Neptune in Scorpio dives into taboos, death, sexuality and transformation with a dreamlike, magnetic perception. There may be powerful healing and regenerative abilities, fascination with occult or deep psychology, but also susceptibility to emotional entanglements and destructive fantasies. Lesson is to distinguish true insight from obsessive projection."",""psychological intuition; capacity for deep healing; talent for uncovering hidden motives; spiritual understanding of life/death cycles; emotional depth"",""obsession; addictive tendencies; manipulative seduction; morbid fantasies; difficulty letting go of intense attachments"",""staying in toxic bonds “because it’s so deep”; romanticizing pain; using mystery and secrecy to control; merging with destructive people or experiences; dramatizing crises as destiny"","""""
"Neptune,""Sagittarius"",""A visionary, idealistic perception of truth, belief, travel and meaning."",""Neptune in Sagittarius seeks transcendent truth and may be drawn to spiritual philosophies, religions and distant cultures. This placement inspires faith and enthusiasm, but also vulnerability to gurus, dogmas or seductive ideologies. The life lesson is to keep discernment and humility while following the path of inspiration."",""spiritual enthusiasm; prophetic imagination; openness to other cultures; capacity to inspire through ideals; love of symbolic journeys"",""naivety; blind faith; spiritual bypassing; inflation (“I know the ultimate truth”); disappointment when ideals fail"",""escaping into beliefs instead of dealing with reality; following teachers unquestioningly; preaching rather than listening; ignoring practical responsibilities in the name of “higher path”"","""""
"Neptune,""Capricorn"",""Dreams and illusions centered on structures, career, authority and success."",""Neptune in Capricorn blends realism with dreams about status, institutions and long-term achievements. This can produce visionaries who give form to spiritual or artistic projects, but also disillusionment with authorities or career disorientation. Lesson is to create meaningful structures rather than worship or demonize them."",""ability to give spiritual or artistic content a concrete form; long-term vision; sensitivity to ethical use of power; potential to humanize institutions"",""disillusionment with career; confusion about goals; tendency to idealize or demonize authorities; escapism via work or total withdrawal from responsibility"",""accepting unfair structures because “that’s how the world works”; sacrificing ideals for status; or rejecting all structure as corrupt; hiding behind roles instead of showing true self"","""""
"Neptune,""Aquarius"",""A mystical, idealistic focus on humanity, freedom, friends and future visions."",""Neptune in Aquarius dreams of utopian societies, liberated individuals and global brotherhood. There can be strong intuition about collective trends and sensitivity to group fields. Risks include unrealistic expectations of people, friend groups or movements, and difficulty with personal intimacy. Lesson is to balance universal love with concrete, personal presence."",""humanitarian inspiration; intuitive grasp of social currents; openness to diversity; capacity to envision new forms of community; imaginative innovation"",""emotional detachment; disappointment in groups; susceptibility to collective illusions; difficulty grounding ideals; preference for “humanity” over actual humans"",""hiding in groups to avoid one-on-one vulnerability; chasing causes to escape personal issues; idealizing friends then cutting them off when they fall short; living in future fantasy"","""""
"Neptune,""Pisces"",""Extremely heightened sensitivity, imagination and permeability to the invisible."",""Neptune rules Pisces, so its qualities are strongest here: compassion, fantasy, spiritual longing and tendency to dissolve ego boundaries. The person can have deep spiritual or artistic gifts, but also vulnerability to confusion, escapism and loss of self. The life lesson is to develop gentle, clear boundaries and grounded practices to channel this oceanic energy constructively."",""great compassion; mystical perception; artistic and musical talent; intuitive understanding of suffering; capacity for unconditional acceptance"",""self-sacrifice to the point of self-loss; addictions; chronic confusion; difficulty with everyday functioning; victim-savior dynamics"",""avoiding reality through substances, fantasy or spiritual bypassing; sacrificing personal needs to “save” others; adopting martyr identity; avoiding decisions so life chooses instead"","""""
"Pluto,""Aries"",""Radical transformation focused on will, assertion and individual initiative."",""Pluto in Aries (generational) intensifies themes of self-assertion, survival of the strongest and radical individualism. In a chart, it resonates with deep processes around anger, courage, the right to exist and to act. There can be volcanic reactions when the will is blocked. Lesson is to transform raw aggression into conscious, directed power."",""courage to confront deep fears; capacity to initiate profound change; pioneering spirit; intense drive"",""destructive anger; power struggles; self-centeredness; extremism in pursuing personal goals"",""violent reactions to frustration; refusing compromise; compulsive need to win; identifying entirely with “warrior” role to avoid vulnerability"","""""
"Pluto,""Taurus"",""Radical transformation of values, possessions, body and relation to stability."",""Pluto in Taurus (generational) digs into attachments to matter: money, land, body, survival. People with this placement may experience deep crises around security that force them to reevaluate what is truly valuable. Lesson is to release obsessive control of resources and find inner stability that does not depend solely on outer forms."",""capacity for powerful endurance; talent for rebuilding after material loss; deep understanding of value and resources; persistence"",""obsessive possessiveness; greed; resistance to change; fear of loss; fixation on material control"",""clinging to things, people or habits long past their time; refusing any change threatening comfort; using money as power; hoarding; equating self-worth with possessions"","""""
"Pluto,""Gemini"",""Radical transformation of thought, communication and information systems."",""Pluto in Gemini (generational) intensifies mental life, questioning beliefs, language and networks. At a personal level, it can show deep, sometimes compulsive need to analyze, dissect ideas and expose hidden information. Lesson is to use penetrating intellect ethically and avoid verbal destruction."",""sharp insight; investigative intellect; ability to transform others through words; skill in research and analysis"",""obsession with ideas; manipulative communication; mental cruelty; suspicion; information control"",""interrogating others; using secrets and data to dominate; constant argumentation; compulsive need to uncover every hidden detail; weaponizing words"","""""
"Pluto,""Cancer"",""Radical transformation around family, roots, belonging and emotional security."",""Pluto in Cancer (generational) brings deep reworking of family structures, traditions and emotional bonds. Personally, it can mark intense experiences around home, parents or homeland that push the soul to grow. Lesson is to release clinging to the past and transform ancestral patterns instead of repeating them."",""emotional depth; capacity for profound family healing; fierce protectiveness; intuitive understanding of roots and heritage"",""emotional control; manipulation within family; difficulty letting go; fear of abandonment or engulfment"",""unconscious emotional blackmail; holding family secrets; clinging to guilt and loyalty conflicts; using closeness as leverage; inability to leave unhealthy home situations"","""""
"Pluto,""Leo"",""Radical transformation of ego, creativity and the need to shine."",""Pluto in Leo (generational) intensifies themes of power, pride and self-expression. Individuals may feel compelled to prove their uniqueness or struggle with authority figures and creative blockages. Life pushes them to transform ego from self-centered domination to authentic, heart-based power. Lesson is to lead from soul, not from wounded vanity."",""creative power; strong charisma; capacity to regenerate after public failures; leadership potential; ability to dramatize truth"",""narcissism; domination; obsession with recognition; theatrical power games; intolerance of being ordinary"",""making everything about oneself; extreme reactions to criticism; using charm and drama to control; refusing to share the stage; creating crises to stay center of attention"","""""
"Pluto,""Virgo"",""Radical transformation of work, health, service and the analytic mind."",""Pluto in Virgo (generational) digs into systems, routines and ideas of purity. Personally, it may show as intense self-criticism, crises around health or work and a compulsion to improve everything. Lesson is to move from destructive perfectionism to deep, healing service."",""capacity for deep systemic reform; ability to see hidden dysfunctions; powerful healing potential; persistence in improving conditions"",""obsession with flaws; control through criticism; workaholism; destructive self-analysis; health anxieties"",""compulsive fixing; focusing on minor defects to avoid emotional depth; using high standards to control self and others; sacrifice of body to endless work"","""""
"Pluto,""Libra"",""Radical transformation of relationships, justice and balance."",""Pluto in Libra (generational) intensifies experiences in partnerships: power struggles, deep fusions, painful separations. Individuals may attract intense, often karmic relationships that force them to confront shadow sides of harmony and fairness. Lesson is to create equal partnerships based on honesty, not hidden control."",""capacity for deep relational insight; ability to transform through partnership; strong sense of justice; talent for conflict mediation at deep level"",""co-dependency; manipulation in relationships; fear of being alone; extreme swings between fusion and breakup"",""staying in toxic relationships out of fear; using charm to control; avoiding direct conflict while pulling strings behind the scenes; idealizing partner then destroying the bond"","""""
"Pluto,""Scorpio"",""Radical transformation of emotional life, power and taboo domains."",""Pluto in Scorpio (generational) is in its own sign: themes of death, rebirth, sexuality, control and psychological depth are highly charged. Individuals with this placement may go through several inner “deaths” and profound crises. Lesson is to embrace transformation consciously and use power for healing, not domination."",""enormous resilience; psychological depth; capacity for healing trauma; courage to face darkness; magnetic presence"",""self-destructiveness; obsession; revenge; compulsive control; attraction to destructive experiences"",""testing trust to extremes; staying in intense but harmful situations; using emotional or sexual power as weapon; identifying with trauma; refusing to forgive as form of control"","""""
"Pluto,""Sagittarius"",""Radical transformation of beliefs, ideologies, education and worldview."",""Pluto in Sagittarius (generational) challenges dogmas, institutions of knowledge and global systems. Personally, it can show as crises of faith, intense search for truth and confrontations with moral hypocrisy. Lesson is to transform fanaticism into deep, lived wisdom."",""capacity to expose lies and hypocrisy; passion for truth; ability to regenerate worldview; zeal for exploration"",""ideological extremism; moral superiority; destructive preaching; intolerance; reckless ideological crusades"",""demonizing those who disagree; using “truth” as weapon; constant conversion attempts; dramatic breaks with beliefs without integration; justifying harm with high-sounding principles"","""""
"Pluto,""Capricorn"",""Radical transformation of structures, authorities, careers and power hierarchies."",""Pluto in Capricorn (generational) brings deep crises around governments, corporations and societal systems. At personal level, it can show as intense ambition, fear of failure and confrontations with authority and control. Lesson is to build new, more ethical structures while examining own relation to power."",""strategic power; ability to endure long-term pressure; talent for structural reform; deep sense of responsibility; capacity to lead in crisis"",""authoritarianism; rigidity; ruthless ambition; cynicism; emotional suppression in favor of control"",""using status as shield; manipulating from behind institutional roles; sacrificing relationships for career; obsession with success or failure; inability to be vulnerable in leadership"","""""
"Pluto,""Aquarius"",""Radical transformation of collectives, technology, freedom and social systems."",""Pluto in Aquarius (generational) signals profound change in how societies organize, share power and use technology. Individuals may feel driven to challenge or reinvent group norms and ideals. Lesson is to balance revolution with humanity and avoid dehumanizing the individual in the name of progress."",""capacity for deep social change; visionary thinking; ability to work with collective energies; courage to confront rigid systems"",""fanatic collectivism; emotional detachment; extremism in ideals; social upheaval; conflict between individual and group needs"",""sacrificing individuals to ideals; using technology or ideology to control; rejecting belonging to avoid vulnerability; hardline “all or nothing” approaches to reform"","""""
"Pluto,""Pisces"",""Radical transformation of spirituality, compassion, the unconscious and collective emotions."",""Pluto in Pisces (generational) intensifies collective feelings of loss, redemption, sacrifice and mystical longing. Personally, it may show as deep involvement with themes of victimhood, addiction, healing or spiritual rebirth. Lesson is to transform suffering into conscious compassion and to avoid drowning in collective pain."",""powerful empathy; capacity to work with unconscious material; talent for spiritual or artistic transformation; deep understanding of suffering"",""victim-savior complexes; self-dissolution; addiction; escapism; emotional overwhelm; susceptibility to collective hysteria"",""identifying as martyr; saving others at own expense; using suffering as identity; merging with destructive collectives; avoiding boundaries in the name of love or spirituality"","""""
"Chiron,""Aries"",""Core wound around the right to exist, act and assert oneself directly."",""Chiron in Aries often shows an early experience of being shamed, blocked or punished for spontaneity and will. The person may feel that something is fundamentally wrong with their initiative or anger, so they either suppress it or overcompensate with bravado. Over time, they are invited to rediscover a clean, authentic impulse to act that does not need to prove anything. Healing comes through learning to defend self without aggression and to move forward even when feeling imperfect."",""capacity to model healthy assertion; courage to show vulnerability; ability to guide others through anger and conflict; sensitivity to those who feel weak or invisible"",""self-doubt about will; chronic frustration; explosive anger after long suppression; accident-prone impulsivity; identity crises around being too much or not enough"",""hiding behind passivity; acting recklessly to prove bravery; attacking preemptively to avoid rejection; denying personal needs; imitating others' styles of courage instead of owning their own"","""""
"Chiron,""Taurus"",""Core wound around self-worth, body, money and the right to enjoy life safely."",""Chiron in Taurus is often linked to experiences of material instability, body shame or subtle messages that pleasure is not deserved. The person may oscillate between clinging to security and feeling it can be taken away at any moment. They are invited to build an inner sense of value that does not depend solely on possessions or external approval. Healing involves inhabiting the body kindly and discovering simple, grounded forms of pleasure."",""capacity to teach healthy embodiment; practical wisdom about resources; ability to support others in building security; deep understanding of value beyond price"",""stinginess or overspending; chronic worry about money; difficulty trusting stability; numbness or compulsive indulgence with food, sex or comfort"",""hoarding; staying in unsatisfying but safe situations; using material gifts instead of emotional presence; rejecting pleasure as dangerous or “undeserved”; attaching to people as property"","""""
"Chiron,""Gemini"",""Core wound around thinking, learning, speaking and being understood."",""Chiron in Gemini can show as early hurts connected with school, siblings, speech or intelligence. The person may feel secretly stupid, misunderstood or afraid of saying the wrong thing, even if objectively smart. Life invites them to reclaim their unique way of thinking and communicating, beyond comparison with others. Healing comes through sharing their story and helping others find their voice."",""talent for teaching from lived experience; empathy for those who struggle to learn or speak; ability to translate complex ideas simply; creative, flexible mind"",""nervousness; verbal defensiveness; over-talking to cover insecurity; gossip; difficulty trusting their own perceptions"",""self-silencing; constantly collecting information without integrating it; joking everything away; mimicking others' opinions; arguing to prove mental worth rather than to understand"","""""
"Chiron,""Cancer"",""Core wound around belonging, family, emotional safety and nurturing."",""Chiron in Cancer is often tied to experiences of emotional neglect, overprotection, inconsistent care or feeling like an outsider at home. The person may carry deep fears of abandonment and a belief that their needs are “too much.” They are invited to become their own good parent and to build chosen families based on conscious care. Healing emerges as they learn to receive support and to care without self-erasure."",""strong nurturing capacity; emotional wisdom; ability to hold safe space for others; skill in healing family and ancestral patterns"",""clinginess; fear of rejection; self-sacrificing caretaking; difficulty setting emotional boundaries; living in the past"",""over-mothering others to avoid feeling own vulnerability; guilt-tripping; retreating into hurt silence; staying loyal to unhealthy family dynamics; defining self only through caretaking"","""""
"Chiron,""Leo"",""Core wound around being special, seen and creatively self-expressive."",""Chiron in Leo often manifests as early humiliation, lack of recognition or inconsistent praise that makes the person doubt their own brightness. They may swing between hiding their talents and dramatic displays seeking validation. Life calls them to rediscover joy in self-expression regardless of applause. Healing comes as they learn to create from the heart and to celebrate others without feeling diminished."",""capacity to encourage others' creativity; generous heart; understanding of shame around visibility; ability to lead with humility"",""attention-seeking; fragile pride; fear of ridicule; creative blockages; dependence on external validation"",""performing instead of being authentic; dramatizing suffering to stay in the center; refusing to try to avoid possible failure; belittling their own or others' gifts before anyone else can"","""""
"Chiron,""Virgo"",""Core wound around being good enough, competent and pure in work and service."",""Chiron in Virgo is typically linked to criticism, high expectations or chronic feelings of inadequacy about performance, health or usefulness. The person may judge themselves harshly for small mistakes and struggle to relax. Life invites them to embrace human imperfection and to see service as expression of love, not a test to pass. Healing involves turning self-criticism into discernment and compassion."",""talent for healing and practical support; ability to refine processes; empathy for those who feel flawed; realistic understanding of limits; grounded service"",""perfectionism; anxiety; workaholic tendencies; somatic complaints; inability to accept mistakes"",""endless self-improvement projects; focusing on fixing others; hiding behind busyness; refusing help because no one will do it “right”; using health or work issues to avoid deeper emotional themes"","""""
"Chiron,""Libra"",""Core wound around relationship, rejection, fairness and the right to have needs in partnership."",""Chiron in Libra often points to painful experiences of breakup, triangulation, unfairness or imbalance in early significant relationships. The person may fear conflict and rejection so much that they lose their own center. Life asks them to discover an inner sense of worth that does not depend on constant harmony. Healing unfolds through learning honest dialogue and co-creating fair agreements."",""ability to mediate; deep understanding of relational wounds; talent for helping others build healthier partnerships; refined sense of justice"",""people-pleasing; fear of being alone; difficulty choosing; attraction to wounded or unavailable partners; resentment hidden under politeness"",""agreeing externally while saying no internally; disappearing into the other; indirect communication; staying in painful relationships to avoid guilt; projecting disowned anger onto partners"","""""
"Chiron,""Scorpio"",""Core wound around trust, betrayal, control, sexuality and emotional nakedness."",""Chiron in Scorpio is associated with deep experiences of loss, betrayal, taboo, abuse of power or painful emotional intensity. The person may fear being exposed or abandoned if they open fully, yet also crave total merging. Life invites them to transform trauma into wisdom and to reclaim their power without domination. Healing arises through conscious work with shadow and safe, transparent intimacy."",""capacity for profound psychological insight; potential as healer or therapist; resilience; ability to accompany others through crisis and transformation"",""jealousy; obsession; suspicion; extremes in intimacy; attraction to destructive situations; difficulty forgiving"",""testing others' loyalty; emotional or sexual control; keeping secrets as power; staying in toxic bonds “because they are deep”; using intensity to avoid ordinary vulnerability"","""""
"Chiron,""Sagittarius"",""Core wound around meaning, truth, belief, education and the right to explore."",""Chiron in Sagittarius may come from experiences of spiritual disillusionment, dogmatic upbringing, humiliation in learning contexts or cultural alienation. The person can feel lost between beliefs, afraid of being naive or wrong. Life calls them to develop a personal, lived philosophy and to integrate doubt and faith. Healing comes as they become a guide who does not impose answers but shares the journey."",""talent for teaching from experience; ability to bridge cultures and worldviews; honest search for meaning; inspiring storyteller"",""dogmatism; cynicism; oscillation between blind faith and disbelief; escapism into ideals or travels; moral superiority or shame"",""preaching to cover inner confusion; jumping from one belief system to another; using “freedom” to avoid commitments; hiding pain behind jokes and big visions"","""""
"Chiron,""Capricorn"",""Core wound around authority, responsibility, success and the right to climb."",""Chiron in Capricorn is often linked to harsh or absent authority figures, heavy burdens in childhood or deep fear of failure and judgment. The person may feel that no effort is ever enough, or that they must be strong for everyone. Life invites them to redefine success on their own terms and to cultivate inner authority that is kind. Healing appears as they learn to balance duty with self-care."",""strategic wisdom; reliability; ability to mentor others through career and life-structure crises; respect for effort; long-term perspective"",""workaholism; self-denial; harsh inner critic; difficulty relaxing; shame around vulnerability or dependence"",""hiding behind roles and achievements; over-controlling life to avoid uncertainty; taking on too much responsibility; judging self and others only by performance; refusing help to maintain image of strength"","""""
"Chiron,""Aquarius"",""Core wound around belonging to groups, being different and trusting the collective."",""Chiron in Aquarius often reflects early experiences of social exclusion, being labeled “weird” or witnessing group cruelty and hypocrisy. The person may feel torn between craving community and rejecting it. Life calls them to embrace their uniqueness while finding or creating communities where diversity is honored. Healing involves becoming a bridge between outsiders and groups."",""capacity to support misfits and minorities; visionary social sense; ability to hold space for diversity; talent for thinking outside the box"",""alienation; emotional detachment; chronic outsider identity; radicalism; difficulty with close attachment"",""rejecting groups before they can be rejected; hiding feelings behind intellectualism; aligning only with extreme positions; using “I am different” as shield against intimacy; staying in observer role"","""""
"Chiron,""Pisces"",""Core wound around separation from the divine, chaos, boundaries and the experience of suffering."",""Chiron in Pisces is tied to themes of abandonment, diffuse guilt, addiction, or early immersion in collective or family pain. The person may feel porous, overwhelmed or unsure where they end and others begin. Life invites them to develop compassionate boundaries and to understand suffering without drowning in it. Healing emerges through grounded spirituality and gentle acceptance of their sensitivity."",""deep compassion; strong intuitive and artistic potential; ability to accompany others in grief and confusion; talent for spiritual or imaginative healing"",""victim-savior patterns; escapism; emotional overwhelm; difficulty saying no; susceptibility to unhealthy dependencies"",""merging with others' pain; rescuing to avoid own emptiness; using spiritual or mystical language to avoid practical issues; drifting instead of choosing; identifying as helpless to elicit care"","""""